
INSERT INTO Clientes (ID_Cliente, Nome, Email) VALUES
(1, 'Cliente_1', 'cliente1@email.com'),
(2, 'Cliente_2', 'cliente2@email.com'),
(3, 'Cliente_3', 'cliente3@email.com'),
(4, 'Cliente_4', 'cliente4@email.com'),
(5, 'Cliente_5', 'cliente5@email.com'),
(6, 'Cliente_6', 'cliente6@email.com'),
(7, 'Cliente_7', 'cliente7@email.com'),
(8, 'Cliente_8', 'cliente8@email.com'),
(9, 'Cliente_9', 'cliente9@email.com'),
(10, 'Cliente_10', 'cliente10@email.com'),
(11, 'Cliente_11', 'cliente11@email.com'),
(12, 'Cliente_12', 'cliente12@email.com'),
(13, 'Cliente_13', 'cliente13@email.com'),
(14, 'Cliente_14', 'cliente14@email.com'),
(15, 'Cliente_15', 'cliente15@email.com'),
(16, 'Cliente_16', 'cliente16@email.com'),
(17, 'Cliente_17', 'cliente17@email.com'),
(18, 'Cliente_18', 'cliente18@email.com'),
(19, 'Cliente_19', 'cliente19@email.com'),
(20, 'Cliente_20', 'cliente20@email.com'),
(21, 'Cliente_21', 'cliente21@email.com'),
(22, 'Cliente_22', 'cliente22@email.com'),
(23, 'Cliente_23', 'cliente23@email.com'),
(24, 'Cliente_24', 'cliente24@email.com'),
(25, 'Cliente_25', 'cliente25@email.com'),
(26, 'Cliente_26', 'cliente26@email.com'),
(27, 'Cliente_27', 'cliente27@email.com'),
(28, 'Cliente_28', 'cliente28@email.com'),
(29, 'Cliente_29', 'cliente29@email.com'),
(30, 'Cliente_30', 'cliente30@email.com'),
(31, 'Cliente_31', 'cliente31@email.com'),
(32, 'Cliente_32', 'cliente32@email.com'),
(33, 'Cliente_33', 'cliente33@email.com'),
(34, 'Cliente_34', 'cliente34@email.com'),
(35, 'Cliente_35', 'cliente35@email.com'),
(36, 'Cliente_36', 'cliente36@email.com'),
(37, 'Cliente_37', 'cliente37@email.com'),
(38, 'Cliente_38', 'cliente38@email.com'),
(39, 'Cliente_39', 'cliente39@email.com'),
(40, 'Cliente_40', 'cliente40@email.com'),
(41, 'Cliente_41', 'cliente41@email.com'),
(42, 'Cliente_42', 'cliente42@email.com'),
(43, 'Cliente_43', 'cliente43@email.com'),
(44, 'Cliente_44', 'cliente44@email.com'),
(45, 'Cliente_45', 'cliente45@email.com'),
(46, 'Cliente_46', 'cliente46@email.com'),
(47, 'Cliente_47', 'cliente47@email.com'),
(48, 'Cliente_48', 'cliente48@email.com'),
(49, 'Cliente_49', 'cliente49@email.com'),
(50, 'Cliente_50', 'cliente50@email.com'),
(51, 'Cliente_51', 'cliente51@email.com'),
(52, 'Cliente_52', 'cliente52@email.com'),
(53, 'Cliente_53', 'cliente53@email.com'),
(54, 'Cliente_54', 'cliente54@email.com'),
(55, 'Cliente_55', 'cliente55@email.com'),
(56, 'Cliente_56', 'cliente56@email.com'),
(57, 'Cliente_57', 'cliente57@email.com'),
(58, 'Cliente_58', 'cliente58@email.com'),
(59, 'Cliente_59', 'cliente59@email.com'),
(60, 'Cliente_60', 'cliente60@email.com'),
(61, 'Cliente_61', 'cliente61@email.com'),
(62, 'Cliente_62', 'cliente62@email.com'),
(63, 'Cliente_63', 'cliente63@email.com'),
(64, 'Cliente_64', 'cliente64@email.com'),
(65, 'Cliente_65', 'cliente65@email.com'),
(66, 'Cliente_66', 'cliente66@email.com'),
(67, 'Cliente_67', 'cliente67@email.com'),
(68, 'Cliente_68', 'cliente68@email.com'),
(69, 'Cliente_69', 'cliente69@email.com'),
(70, 'Cliente_70', 'cliente70@email.com'),
(71, 'Cliente_71', 'cliente71@email.com'),
(72, 'Cliente_72', 'cliente72@email.com'),
(73, 'Cliente_73', 'cliente73@email.com'),
(74, 'Cliente_74', 'cliente74@email.com'),
(75, 'Cliente_75', 'cliente75@email.com'),
(76, 'Cliente_76', 'cliente76@email.com'),
(77, 'Cliente_77', 'cliente77@email.com'),
(78, 'Cliente_78', 'cliente78@email.com'),
(79, 'Cliente_79', 'cliente79@email.com'),
(80, 'Cliente_80', 'cliente80@email.com'),
(81, 'Cliente_81', 'cliente81@email.com'),
(82, 'Cliente_82', 'cliente82@email.com'),
(83, 'Cliente_83', 'cliente83@email.com'),
(84, 'Cliente_84', 'cliente84@email.com'),
(85, 'Cliente_85', 'cliente85@email.com'),
(86, 'Cliente_86', 'cliente86@email.com'),
(87, 'Cliente_87', 'cliente87@email.com'),
(88, 'Cliente_88', 'cliente88@email.com'),
(89, 'Cliente_89', 'cliente89@email.com'),
(90, 'Cliente_90', 'cliente90@email.com'),
(91, 'Cliente_91', 'cliente91@email.com'),
(92, 'Cliente_92', 'cliente92@email.com'),
(93, 'Cliente_93', 'cliente93@email.com'),
(94, 'Cliente_94', 'cliente94@email.com'),
(95, 'Cliente_95', 'cliente95@email.com'),
(96, 'Cliente_96', 'cliente96@email.com'),
(97, 'Cliente_97', 'cliente97@email.com'),
(98, 'Cliente_98', 'cliente98@email.com'),
(99, 'Cliente_99', 'cliente99@email.com'),
(100, 'Cliente_100', 'cliente100@email.com');


INSERT INTO Produtos (ID_Produto, Nome_Produto, Preço) VALUES
(1, 'Produto_1', 611.91),
(2, 'Produto_2', 649.86),
(3, 'Produto_3', 257.09),
(4, 'Produto_4', 360.36),
(5, 'Produto_5', 574.35),
(6, 'Produto_6', 302.31),
(7, 'Produto_7', 503.6),
(8, 'Produto_8', 570.84),
(9, 'Produto_9', 571.28),
(10, 'Produto_10', 614.04),
(11, 'Produto_11', 891.29),
(12, 'Produto_12', 293.72),
(13, 'Produto_13', 437.21),
(14, 'Produto_14', 243.33),
(15, 'Produto_15', 631.96),
(16, 'Produto_16', 405.64),
(17, 'Produto_17', 636.04),
(18, 'Produto_18', 455.8),
(19, 'Produto_19', 591.17),
(20, 'Produto_20', 704.39),
(21, 'Produto_21', 728.45),
(22, 'Produto_22', 621.19),
(23, 'Produto_23', 899.74),
(24, 'Produto_24', 47.37),
(25, 'Produto_25', 857.8),
(26, 'Produto_26', 86.85),
(27, 'Produto_27', 948.74),
(28, 'Produto_28', 703.72),
(29, 'Produto_29', 37.32),
(30, 'Produto_30', 282.0),
(31, 'Produto_31', 476.77),
(32, 'Produto_32', 220.26),
(33, 'Produto_33', 856.76),
(34, 'Produto_34', 913.94),
(35, 'Produto_35', 858.96),
(36, 'Produto_36', 277.24),
(37, 'Produto_37', 704.7),
(38, 'Produto_38', 876.24),
(39, 'Produto_39', 985.36),
(40, 'Produto_40', 780.08),
(41, 'Produto_41', 730.83),
(42, 'Produto_42', 630.57),
(43, 'Produto_43', 793.36),
(44, 'Produto_44', 794.44),
(45, 'Produto_45', 450.12),
(46, 'Produto_46', 891.25),
(47, 'Produto_47', 704.14),
(48, 'Produto_48', 346.75),
(49, 'Produto_49', 516.67),
(50, 'Produto_50', 91.2);


INSERT INTO Pedidos (ID_Pedido, ID_Cliente, Data_Pedido, Valor_Total) VALUES
(1, 87, '2024-01-05', 294.91),
(2, 11, '2024-01-18', 3683.51),
(3, 34, '2024-01-23', 1528.1),
(4, 30, '2024-01-22', 3479.02),
(5, 42, '2024-01-02', 2430.89),
(6, 100, '2024-01-28', 4893.25),
(7, 11, '2024-01-06', 4577.66),
(8, 100, '2024-01-03', 4559.84),
(9, 66, '2024-01-10', 676.11),
(10, 67, '2024-01-10', 2100.21),
(11, 17, '2024-01-26', 3785.35),
(12, 86, '2024-01-23', 2316.98),
(13, 50, '2024-01-27', 2189.81),
(14, 17, '2024-01-19', 2751.66),
(15, 29, '2024-01-02', 3511.83),
(16, 64, '2024-01-26', 4007.62),
(17, 77, '2024-01-18', 4064.81),
(18, 90, '2024-01-10', 3526.48),
(19, 9, '2024-01-19', 497.58),
(20, 20, '2024-01-06', 4357.79),
(21, 58, '2024-01-12', 2562.69),
(22, 72, '2024-01-10', 2939.32),
(23, 41, '2024-01-13', 426.84),
(24, 86, '2024-01-10', 2358.23),
(25, 26, '2024-01-03', 689.34),
(26, 81, '2024-01-03', 3634.25),
(27, 43, '2024-01-13', 1263.84),
(28, 51, '2024-01-09', 1850.33),
(29, 88, '2024-01-24', 3686.11),
(30, 15, '2024-01-05', 1333.38),
(31, 99, '2024-01-08', 2605.39),
(32, 44, '2024-01-08', 1472.11),
(33, 79, '2024-01-16', 1927.87),
(34, 38, '2024-01-21', 1712.51),
(35, 83, '2024-01-19', 819.87),
(36, 46, '2024-01-27', 1605.94),
(37, 21, '2024-01-26', 4774.47),
(38, 11, '2024-01-18', 3053.74),
(39, 12, '2024-01-23', 234.21),
(40, 67, '2024-01-15', 1854.32),
(41, 92, '2024-01-11', 2764.76),
(42, 78, '2024-01-01', 3308.47),
(43, 77, '2024-01-13', 685.83),
(44, 27, '2024-01-23', 1514.35),
(45, 81, '2024-01-11', 1477.49),
(46, 90, '2024-01-12', 1224.22),
(47, 57, '2024-01-22', 3502.07),
(48, 20, '2024-01-06', 300.76),
(49, 2, '2024-01-10', 4688.29),
(50, 11, '2024-01-18', 689.79),
(51, 39, '2024-01-08', 782.02),
(52, 27, '2024-01-24', 4512.21),
(53, 46, '2024-01-26', 4872.72),
(54, 64, '2024-01-06', 4670.78),
(55, 4, '2024-01-14', 3110.77),
(56, 62, '2024-01-04', 1267.48),
(57, 24, '2024-01-13', 223.76),
(58, 29, '2024-01-17', 1751.59),
(59, 18, '2024-01-18', 833.36),
(60, 79, '2024-01-18', 3059.48),
(61, 64, '2024-01-14', 3416.74),
(62, 25, '2024-01-23', 3633.59),
(63, 42, '2024-01-18', 961.78),
(64, 57, '2024-01-24', 1544.66),
(65, 69, '2024-01-22', 904.75),
(66, 41, '2024-01-11', 2686.91),
(67, 83, '2024-01-19', 3231.27),
(68, 49, '2024-01-02', 4539.62),
(69, 18, '2024-01-08', 4411.59),
(70, 78, '2024-01-17', 1150.17),
(71, 15, '2024-01-21', 4371.31),
(72, 77, '2024-01-26', 4019.47),
(73, 20, '2024-01-27', 838.96),
(74, 77, '2024-01-09', 4758.58),
(75, 92, '2024-01-14', 3563.05),
(76, 86, '2024-01-04', 3773.81),
(77, 33, '2024-01-24', 139.81),
(78, 85, '2024-01-01', 3308.82),
(79, 60, '2024-01-15', 1589.06),
(80, 89, '2024-01-23', 4242.29),
(81, 16, '2024-01-11', 405.78),
(82, 85, '2024-01-18', 3043.38),
(83, 72, '2024-01-20', 1176.29),
(84, 43, '2024-01-01', 2347.45),
(85, 17, '2024-01-07', 2704.36),
(86, 32, '2024-01-09', 1252.87),
(87, 99, '2024-01-24', 3352.62),
(88, 4, '2024-01-23', 2278.81),
(89, 39, '2024-01-06', 4616.56),
(90, 96, '2024-01-16', 4357.21),
(91, 96, '2024-01-06', 3803.56),
(92, 53, '2024-01-03', 1001.74),
(93, 58, '2024-01-17', 4973.97),
(94, 6, '2024-01-01', 4007.98),
(95, 96, '2024-01-25', 814.09),
(96, 87, '2024-01-07', 1138.12),
(97, 9, '2024-01-25', 2454.46),
(98, 78, '2024-01-06', 2284.88),
(99, 77, '2024-01-05', 1022.63),
(100, 46, '2024-01-04', 3630.26),
(101, 25, '2024-01-26', 4767.85),
(102, 71, '2024-01-17', 1505.91),
(103, 78, '2024-01-03', 2251.93),
(104, 98, '2024-01-03', 2372.16),
(105, 30, '2024-01-12', 2861.79),
(106, 82, '2024-01-11', 2435.1),
(107, 1, '2024-01-19', 1918.7),
(108, 33, '2024-01-17', 3503.79),
(109, 99, '2024-01-26', 4732.4),
(110, 38, '2024-01-20', 4727.76),
(111, 81, '2024-01-14', 4881.69),
(112, 99, '2024-01-05', 3181.17),
(113, 61, '2024-01-28', 3998.95),
(114, 5, '2024-01-14', 4142.31),
(115, 53, '2024-01-17', 1978.78),
(116, 96, '2024-01-14', 3262.85),
(117, 73, '2024-01-18', 4994.97),
(118, 42, '2024-01-14', 3983.0),
(119, 52, '2024-01-17', 1465.64),
(120, 13, '2024-01-25', 4979.8),
(121, 11, '2024-01-24', 2451.21),
(122, 65, '2024-01-17', 2689.68),
(123, 35, '2024-01-28', 2763.63),
(124, 29, '2024-01-06', 740.66),
(125, 3, '2024-01-17', 1282.5),
(126, 8, '2024-01-25', 4341.5),
(127, 11, '2024-01-15', 4111.81),
(128, 59, '2024-01-04', 3573.24),
(129, 69, '2024-01-06', 3539.69),
(130, 89, '2024-01-25', 3668.92),
(131, 52, '2024-01-25', 4629.37),
(132, 17, '2024-01-07', 874.79),
(133, 39, '2024-01-06', 1432.44),
(134, 67, '2024-01-19', 3515.98),
(135, 29, '2024-01-04', 3220.45),
(136, 52, '2024-01-20', 3144.64),
(137, 26, '2024-01-19', 4521.22),
(138, 43, '2024-01-06', 2792.13),
(139, 27, '2024-01-18', 3439.91),
(140, 98, '2024-01-09', 517.18),
(141, 6, '2024-01-22', 4033.31),
(142, 45, '2024-01-20', 2109.35),
(143, 47, '2024-01-12', 4762.72),
(144, 63, '2024-01-06', 1566.47),
(145, 18, '2024-01-06', 4339.26),
(146, 70, '2024-01-03', 995.92),
(147, 96, '2024-01-18', 4119.74),
(148, 66, '2024-01-11', 3539.2),
(149, 65, '2024-01-11', 4057.17),
(150, 91, '2024-01-20', 4399.92),
(151, 50, '2024-01-01', 215.26),
(152, 69, '2024-01-23', 76.66),
(153, 91, '2024-01-12', 1020.01),
(154, 100, '2024-01-14', 657.47),
(155, 68, '2024-01-15', 835.26),
(156, 15, '2024-01-21', 979.23),
(157, 60, '2024-01-02', 3774.47),
(158, 91, '2024-01-13', 2169.86),
(159, 95, '2024-01-06', 2361.12),
(160, 1, '2024-01-19', 309.28),
(161, 67, '2024-01-08', 2401.84),
(162, 34, '2024-01-24', 2840.14),
(163, 74, '2024-01-12', 1377.04),
(164, 45, '2024-01-21', 4367.6),
(165, 99, '2024-01-19', 141.96),
(166, 92, '2024-01-07', 4801.11),
(167, 45, '2024-01-02', 3085.03),
(168, 34, '2024-01-18', 3995.82),
(169, 83, '2024-01-01', 1501.22),
(170, 29, '2024-01-19', 4617.36),
(171, 84, '2024-01-17', 2097.93),
(172, 76, '2024-01-02', 1983.69),
(173, 78, '2024-01-18', 1058.82),
(174, 2, '2024-01-12', 756.17),
(175, 99, '2024-01-14', 2767.97),
(176, 93, '2024-01-28', 2848.57),
(177, 97, '2024-01-08', 4002.12),
(178, 73, '2024-01-16', 1535.03),
(179, 5, '2024-01-25', 4026.7),
(180, 14, '2024-01-23', 2242.62),
(181, 97, '2024-01-25', 865.6),
(182, 88, '2024-01-27', 4669.65),
(183, 36, '2024-01-01', 3721.36),
(184, 12, '2024-01-22', 3625.62),
(185, 30, '2024-01-15', 2787.18),
(186, 37, '2024-01-08', 2703.53),
(187, 75, '2024-01-03', 2540.33),
(188, 88, '2024-01-14', 4313.59),
(189, 8, '2024-01-15', 3466.55),
(190, 26, '2024-01-16', 3754.26),
(191, 81, '2024-01-04', 4182.35),
(192, 19, '2024-01-26', 4409.38),
(193, 22, '2024-01-15', 181.37),
(194, 56, '2024-01-11', 1906.88),
(195, 90, '2024-01-27', 1695.75),
(196, 50, '2024-01-09', 1414.46),
(197, 93, '2024-01-06', 4473.31),
(198, 13, '2024-01-14', 4722.85),
(199, 17, '2024-01-21', 3627.6),
(200, 84, '2024-01-23', 2430.1),
(201, 86, '2024-01-19', 2923.91),
(202, 39, '2024-01-12', 4642.24),
(203, 82, '2024-01-04', 525.73),
(204, 94, '2024-01-20', 2378.76),
(205, 92, '2024-01-22', 2996.55),
(206, 39, '2024-01-14', 3947.08),
(207, 27, '2024-01-02', 638.91),
(208, 70, '2024-01-24', 1566.01),
(209, 62, '2024-01-05', 2951.42),
(210, 74, '2024-01-18', 1167.15),
(211, 24, '2024-01-27', 4473.09),
(212, 80, '2024-01-27', 2839.86),
(213, 69, '2024-01-23', 4014.91),
(214, 76, '2024-01-17', 1198.47),
(215, 9, '2024-01-22', 732.49),
(216, 68, '2024-01-02', 1948.87),
(217, 100, '2024-01-03', 2089.5),
(218, 24, '2024-01-13', 2212.86),
(219, 61, '2024-01-16', 683.81),
(220, 95, '2024-01-04', 1637.33),
(221, 1, '2024-01-24', 2339.98),
(222, 44, '2024-01-12', 2248.77),
(223, 35, '2024-01-23', 689.58),
(224, 8, '2024-01-09', 383.42),
(225, 12, '2024-01-12', 2463.6),
(226, 27, '2024-01-21', 1336.08),
(227, 48, '2024-01-06', 3872.41),
(228, 65, '2024-01-09', 3829.91),
(229, 41, '2024-01-06', 2007.84),
(230, 7, '2024-01-23', 1874.75),
(231, 55, '2024-01-11', 2741.8),
(232, 85, '2024-01-06', 737.61),
(233, 78, '2024-01-20', 2555.54),
(234, 92, '2024-01-05', 4689.2),
(235, 68, '2024-01-09', 3529.89),
(236, 86, '2024-01-26', 4700.94),
(237, 67, '2024-01-17', 1013.92),
(238, 79, '2024-01-16', 727.12),
(239, 58, '2024-01-26', 2922.06),
(240, 99, '2024-01-13', 4206.08),
(241, 74, '2024-01-25', 268.89),
(242, 17, '2024-01-16', 2811.65),
(243, 90, '2024-01-12', 1509.78),
(244, 50, '2024-01-21', 703.49),
(245, 60, '2024-01-21', 4544.37),
(246, 9, '2024-01-25', 3467.87),
(247, 97, '2024-01-28', 2713.21),
(248, 71, '2024-01-10', 4014.58),
(249, 37, '2024-01-03', 3179.74),
(250, 82, '2024-01-08', 1864.21),
(251, 98, '2024-01-01', 370.62),
(252, 95, '2024-01-09', 1078.54),
(253, 5, '2024-01-27', 2950.22),
(254, 52, '2024-01-23', 3291.56),
(255, 52, '2024-01-02', 4396.99),
(256, 71, '2024-01-10', 4802.24),
(257, 41, '2024-01-13', 554.64),
(258, 3, '2024-01-26', 3033.72),
(259, 17, '2024-01-17', 4011.6),
(260, 69, '2024-01-14', 1021.19),
(261, 78, '2024-01-12', 3952.6),
(262, 43, '2024-01-12', 237.74),
(263, 74, '2024-01-22', 2658.32),
(264, 86, '2024-01-01', 2747.88),
(265, 81, '2024-01-05', 4747.34),
(266, 2, '2024-01-27', 2643.65),
(267, 77, '2024-01-17', 1116.39),
(268, 54, '2024-01-11', 4902.93),
(269, 53, '2024-01-13', 572.44),
(270, 84, '2024-01-04', 3347.2),
(271, 72, '2024-01-28', 1646.9),
(272, 59, '2024-01-24', 4676.96),
(273, 50, '2024-01-09', 3366.88),
(274, 84, '2024-01-10', 822.13),
(275, 29, '2024-01-03', 4789.34),
(276, 46, '2024-01-14', 4132.24),
(277, 47, '2024-01-07', 356.92),
(278, 2, '2024-01-28', 1021.91),
(279, 55, '2024-01-21', 1701.09),
(280, 72, '2024-01-13', 751.23),
(281, 90, '2024-01-06', 4115.65),
(282, 89, '2024-01-07', 4463.63),
(283, 95, '2024-01-22', 1359.31),
(284, 69, '2024-01-05', 2603.09),
(285, 88, '2024-01-22', 153.32),
(286, 27, '2024-01-06', 727.27),
(287, 93, '2024-01-12', 2566.78),
(288, 87, '2024-01-13', 4487.42),
(289, 61, '2024-01-26', 1402.55),
(290, 29, '2024-01-23', 1236.25),
(291, 24, '2024-01-03', 3729.53),
(292, 96, '2024-01-06', 1443.8),
(293, 50, '2024-01-02', 2135.53),
(294, 29, '2024-01-23', 609.79),
(295, 25, '2024-01-09', 3450.65),
(296, 39, '2024-01-11', 3124.76),
(297, 96, '2024-01-08', 3286.22),
(298, 33, '2024-01-05', 3221.47),
(299, 97, '2024-01-01', 2597.71),
(300, 62, '2024-01-04', 1725.15),
(301, 42, '2024-01-20', 3148.19),
(302, 51, '2024-01-12', 1421.21),
(303, 83, '2024-01-13', 2759.76),
(304, 25, '2024-01-10', 4313.5),
(305, 91, '2024-01-13', 1334.74),
(306, 58, '2024-01-28', 3534.67),
(307, 78, '2024-01-09', 3568.47),
(308, 30, '2024-01-25', 3316.58),
(309, 72, '2024-01-12', 4009.83),
(310, 38, '2024-01-13', 4195.33),
(311, 85, '2024-01-01', 2748.03),
(312, 67, '2024-01-18', 978.28),
(313, 13, '2024-01-25', 342.26),
(314, 94, '2024-01-27', 4570.73),
(315, 72, '2024-01-05', 4987.27),
(316, 94, '2024-01-26', 496.29),
(317, 59, '2024-01-25', 845.4),
(318, 10, '2024-01-23', 4406.95),
(319, 47, '2024-01-26', 4894.02),
(320, 20, '2024-01-27', 3770.46),
(321, 30, '2024-01-23', 1227.51),
(322, 59, '2024-01-04', 2641.98),
(323, 38, '2024-01-07', 1623.66),
(324, 71, '2024-01-09', 3943.42),
(325, 36, '2024-01-01', 1515.05),
(326, 16, '2024-01-09', 1294.99),
(327, 51, '2024-01-15', 2218.34),
(328, 22, '2024-01-21', 3372.3),
(329, 1, '2024-01-24', 1262.46),
(330, 7, '2024-01-17', 682.84),
(331, 58, '2024-01-26', 219.23),
(332, 100, '2024-01-22', 1418.07),
(333, 67, '2024-01-09', 3196.87),
(334, 10, '2024-01-16', 4055.37),
(335, 22, '2024-01-23', 3528.14),
(336, 52, '2024-01-12', 4497.29),
(337, 11, '2024-01-12', 161.79),
(338, 85, '2024-01-08', 1092.64),
(339, 67, '2024-01-27', 967.6),
(340, 22, '2024-01-26', 1848.19),
(341, 72, '2024-01-05', 3706.65),
(342, 21, '2024-01-13', 2269.99),
(343, 83, '2024-01-13', 1537.07),
(344, 78, '2024-01-18', 683.3),
(345, 35, '2024-01-06', 4480.74),
(346, 13, '2024-01-25', 581.28),
(347, 62, '2024-01-01', 140.43),
(348, 64, '2024-01-21', 4409.85),
(349, 3, '2024-01-03', 1411.37),
(350, 90, '2024-01-05', 3820.74),
(351, 24, '2024-01-07', 463.01),
(352, 1, '2024-01-28', 3202.07),
(353, 24, '2024-01-16', 3189.8),
(354, 67, '2024-01-28', 2733.3),
(355, 21, '2024-01-01', 742.51),
(356, 53, '2024-01-27', 1471.05),
(357, 21, '2024-01-24', 2522.9),
(358, 69, '2024-01-07', 2113.04),
(359, 7, '2024-01-11', 1346.16),
(360, 45, '2024-01-19', 4949.42),
(361, 10, '2024-01-26', 4386.51),
(362, 78, '2024-01-07', 2698.01),
(363, 55, '2024-01-11', 4653.52),
(364, 80, '2024-01-20', 1021.56),
(365, 6, '2024-01-15', 211.86),
(366, 86, '2024-01-16', 4581.54),
(367, 4, '2024-01-22', 2505.65),
(368, 17, '2024-01-07', 4447.91),
(369, 5, '2024-01-26', 3290.93),
(370, 53, '2024-01-05', 305.46),
(371, 36, '2024-01-02', 3064.66),
(372, 61, '2024-01-20', 204.58),
(373, 32, '2024-01-25', 367.32),
(374, 44, '2024-01-13', 1072.54),
(375, 60, '2024-01-03', 2249.62),
(376, 91, '2024-01-10', 3833.19),
(377, 84, '2024-01-23', 2773.08),
(378, 80, '2024-01-25', 646.62),
(379, 15, '2024-01-04', 2877.86),
(380, 52, '2024-01-10', 2639.63),
(381, 31, '2024-01-10', 2455.54),
(382, 33, '2024-01-05', 3132.53),
(383, 74, '2024-01-23', 4088.62),
(384, 7, '2024-01-23', 1387.41),
(385, 45, '2024-01-10', 301.01),
(386, 93, '2024-01-18', 2115.2),
(387, 61, '2024-01-27', 4739.21),
(388, 3, '2024-01-09', 3131.99),
(389, 86, '2024-01-01', 3735.64),
(390, 91, '2024-01-02', 1567.12),
(391, 61, '2024-01-24', 3222.38),
(392, 26, '2024-01-05', 3097.45),
(393, 44, '2024-01-13', 3225.1),
(394, 73, '2024-01-20', 1047.38),
(395, 90, '2024-01-28', 1359.64),
(396, 63, '2024-01-11', 548.0),
(397, 65, '2024-01-13', 4081.18),
(398, 75, '2024-01-19', 266.2),
(399, 75, '2024-01-17', 4233.26),
(400, 50, '2024-01-25', 4902.89),
(401, 27, '2024-01-05', 2733.32),
(402, 29, '2024-01-14', 2201.97),
(403, 67, '2024-01-14', 2175.33),
(404, 39, '2024-01-24', 2554.05),
(405, 43, '2024-01-25', 1195.74),
(406, 96, '2024-01-24', 1374.58),
(407, 64, '2024-01-12', 4046.22),
(408, 53, '2024-01-04', 4410.93),
(409, 8, '2024-01-04', 2506.34),
(410, 98, '2024-01-23', 115.63),
(411, 66, '2024-01-24', 4357.93),
(412, 84, '2024-01-12', 2080.91),
(413, 29, '2024-01-28', 539.39),
(414, 56, '2024-01-14', 3595.02),
(415, 68, '2024-01-06', 3251.22),
(416, 34, '2024-01-17', 2585.7),
(417, 17, '2024-01-18', 823.99),
(418, 56, '2024-01-16', 710.02),
(419, 53, '2024-01-18', 843.54),
(420, 49, '2024-01-22', 3891.47),
(421, 57, '2024-01-21', 2932.9),
(422, 56, '2024-01-04', 4881.78),
(423, 19, '2024-01-23', 391.25),
(424, 5, '2024-01-11', 2320.72),
(425, 8, '2024-01-18', 3786.45),
(426, 75, '2024-01-23', 2904.26),
(427, 17, '2024-01-28', 1528.82),
(428, 29, '2024-01-14', 1901.75),
(429, 12, '2024-01-01', 4562.0),
(430, 63, '2024-01-26', 1059.0),
(431, 23, '2024-01-08', 4690.22),
(432, 64, '2024-01-07', 710.57),
(433, 96, '2024-01-22', 2962.24),
(434, 6, '2024-01-27', 577.65),
(435, 63, '2024-01-06', 4708.22),
(436, 16, '2024-01-16', 1597.22),
(437, 62, '2024-01-01', 2982.63),
(438, 75, '2024-01-23', 4949.85),
(439, 89, '2024-01-07', 3702.94),
(440, 57, '2024-01-14', 1088.31),
(441, 88, '2024-01-04', 3295.79),
(442, 33, '2024-01-04', 944.65),
(443, 94, '2024-01-05', 106.12),
(444, 90, '2024-01-21', 2980.29),
(445, 88, '2024-01-20', 2919.63),
(446, 26, '2024-01-15', 2779.81),
(447, 68, '2024-01-24', 3328.98),
(448, 27, '2024-01-03', 3173.53),
(449, 96, '2024-01-27', 493.22),
(450, 80, '2024-01-21', 4650.54),
(451, 19, '2024-01-19', 1364.16),
(452, 19, '2024-01-27', 4277.88),
(453, 81, '2024-01-26', 2055.65),
(454, 39, '2024-01-07', 1845.9),
(455, 41, '2024-01-18', 3403.08),
(456, 5, '2024-01-22', 2303.35),
(457, 79, '2024-01-03', 579.94),
(458, 58, '2024-01-01', 3009.86),
(459, 58, '2024-01-08', 4372.59),
(460, 26, '2024-01-09', 2812.72),
(461, 19, '2024-01-14', 2316.63),
(462, 59, '2024-01-15', 490.2),
(463, 35, '2024-01-04', 464.16),
(464, 19, '2024-01-02', 823.64),
(465, 3, '2024-01-25', 1375.23),
(466, 17, '2024-01-24', 76.98),
(467, 15, '2024-01-10', 1076.07),
(468, 1, '2024-01-20', 2064.57),
(469, 30, '2024-01-07', 2672.71),
(470, 3, '2024-01-17', 4490.02),
(471, 47, '2024-01-09', 3919.82),
(472, 12, '2024-01-24', 4414.26),
(473, 99, '2024-01-25', 2462.05),
(474, 45, '2024-01-15', 1510.09),
(475, 94, '2024-01-04', 510.88),
(476, 96, '2024-01-20', 1626.88),
(477, 28, '2024-01-26', 3683.98),
(478, 77, '2024-01-04', 2210.97),
(479, 58, '2024-01-14', 3202.58),
(480, 49, '2024-01-09', 4731.24),
(481, 44, '2024-01-12', 2368.57),
(482, 46, '2024-01-26', 2857.58),
(483, 14, '2024-01-10', 3961.2),
(484, 44, '2024-01-08', 1890.25),
(485, 33, '2024-01-18', 4939.23),
(486, 3, '2024-01-08', 3145.59),
(487, 25, '2024-01-21', 2744.4),
(488, 87, '2024-01-25', 1495.36),
(489, 69, '2024-01-02', 1393.84),
(490, 70, '2024-01-15', 1641.19),
(491, 57, '2024-01-21', 3456.77),
(492, 83, '2024-01-07', 1329.81),
(493, 92, '2024-01-05', 1759.82),
(494, 40, '2024-01-12', 1037.96),
(495, 60, '2024-01-17', 850.69),
(496, 65, '2024-01-15', 589.56),
(497, 91, '2024-01-02', 4840.19),
(498, 17, '2024-01-27', 3826.38),
(499, 40, '2024-01-13', 2312.92),
(500, 77, '2024-01-06', 4798.32),
(501, 8, '2024-01-13', 4059.88),
(502, 46, '2024-01-14', 4778.18),
(503, 19, '2024-01-26', 4050.84),
(504, 25, '2024-01-13', 1074.34),
(505, 94, '2024-01-01', 4564.9),
(506, 18, '2024-01-07', 3648.41),
(507, 79, '2024-01-02', 4535.62),
(508, 52, '2024-01-09', 4532.26),
(509, 33, '2024-01-09', 3679.6),
(510, 34, '2024-01-20', 2632.34),
(511, 42, '2024-01-07', 4837.93),
(512, 62, '2024-01-27', 2614.17),
(513, 46, '2024-01-15', 4018.03),
(514, 18, '2024-01-27', 3029.51),
(515, 90, '2024-01-05', 4741.09),
(516, 30, '2024-01-09', 4081.74),
(517, 83, '2024-01-22', 1585.65),
(518, 65, '2024-01-15', 4057.4),
(519, 99, '2024-01-01', 735.03),
(520, 40, '2024-01-17', 1940.09),
(521, 14, '2024-01-03', 3220.19),
(522, 63, '2024-01-21', 4574.73),
(523, 49, '2024-01-28', 248.43),
(524, 56, '2024-01-19', 2131.14),
(525, 32, '2024-01-15', 4654.85),
(526, 57, '2024-01-03', 160.11),
(527, 2, '2024-01-27', 324.64),
(528, 6, '2024-01-26', 1233.39),
(529, 64, '2024-01-28', 2699.49),
(530, 25, '2024-01-26', 2642.19),
(531, 52, '2024-01-15', 4346.33),
(532, 33, '2024-01-09', 581.11),
(533, 86, '2024-01-11', 933.26),
(534, 48, '2024-01-17', 2043.1),
(535, 10, '2024-01-10', 2963.12),
(536, 17, '2024-01-17', 2832.8),
(537, 60, '2024-01-07', 1286.69),
(538, 10, '2024-01-26', 4436.64),
(539, 55, '2024-01-05', 4267.6),
(540, 36, '2024-01-21', 3442.25),
(541, 74, '2024-01-06', 4115.55),
(542, 70, '2024-01-07', 2726.53),
(543, 82, '2024-01-12', 621.04),
(544, 97, '2024-01-23', 1130.75),
(545, 13, '2024-01-14', 317.19),
(546, 32, '2024-01-14', 1831.86),
(547, 17, '2024-01-16', 226.09),
(548, 4, '2024-01-15', 3553.23),
(549, 86, '2024-01-26', 1734.15),
(550, 13, '2024-01-07', 4229.62),
(551, 42, '2024-01-14', 3901.53),
(552, 71, '2024-01-22', 2445.58),
(553, 71, '2024-01-03', 3454.06),
(554, 16, '2024-01-22', 4404.88),
(555, 94, '2024-01-21', 4208.3),
(556, 1, '2024-01-04', 2486.69),
(557, 59, '2024-01-09', 4799.28),
(558, 41, '2024-01-15', 4432.97),
(559, 93, '2024-01-13', 1791.84),
(560, 6, '2024-01-24', 473.67),
(561, 93, '2024-01-13', 2427.3),
(562, 70, '2024-01-09', 2782.71),
(563, 73, '2024-01-05', 2533.8),
(564, 99, '2024-01-04', 2229.61),
(565, 50, '2024-01-04', 4628.48),
(566, 1, '2024-01-18', 360.93),
(567, 24, '2024-01-23', 2736.83),
(568, 9, '2024-01-13', 646.55),
(569, 14, '2024-01-28', 4910.84),
(570, 17, '2024-01-16', 986.72),
(571, 47, '2024-01-10', 2090.41),
(572, 30, '2024-01-06', 3690.42),
(573, 39, '2024-01-01', 4660.44),
(574, 17, '2024-01-09', 751.22),
(575, 86, '2024-01-25', 3432.7),
(576, 100, '2024-01-04', 2274.26),
(577, 41, '2024-01-12', 2838.59),
(578, 56, '2024-01-14', 1621.59),
(579, 35, '2024-01-19', 2416.96),
(580, 27, '2024-01-16', 3357.49),
(581, 45, '2024-01-04', 2881.61),
(582, 62, '2024-01-21', 2025.45),
(583, 61, '2024-01-18', 1027.05),
(584, 1, '2024-01-18', 2314.85),
(585, 98, '2024-01-26', 1938.92),
(586, 8, '2024-01-25', 495.07),
(587, 19, '2024-01-04', 2867.46),
(588, 53, '2024-01-09', 2703.41),
(589, 39, '2024-01-18', 4627.94),
(590, 67, '2024-01-28', 2230.49),
(591, 71, '2024-01-11', 2233.4),
(592, 26, '2024-01-05', 1085.48),
(593, 96, '2024-01-17', 2165.73),
(594, 49, '2024-01-12', 622.85),
(595, 30, '2024-01-11', 2044.03),
(596, 32, '2024-01-12', 2285.32),
(597, 38, '2024-01-12', 1145.39),
(598, 29, '2024-01-19', 1958.33),
(599, 28, '2024-01-05', 3987.51),
(600, 3, '2024-01-19', 2523.34),
(601, 47, '2024-01-16', 1003.7),
(602, 85, '2024-01-28', 402.38),
(603, 52, '2024-01-16', 4988.64),
(604, 16, '2024-01-22', 4897.53),
(605, 59, '2024-01-22', 1411.5),
(606, 25, '2024-01-21', 110.13),
(607, 34, '2024-01-11', 765.45),
(608, 53, '2024-01-13', 836.83),
(609, 44, '2024-01-17', 3241.53),
(610, 51, '2024-01-13', 284.34),
(611, 23, '2024-01-23', 4949.3),
(612, 50, '2024-01-07', 3347.47),
(613, 67, '2024-01-02', 3593.16),
(614, 46, '2024-01-09', 3945.16),
(615, 99, '2024-01-25', 4030.28),
(616, 26, '2024-01-14', 430.23),
(617, 49, '2024-01-13', 1768.36),
(618, 35, '2024-01-20', 1842.4),
(619, 38, '2024-01-08', 1817.89),
(620, 1, '2024-01-03', 2435.78),
(621, 69, '2024-01-04', 173.04),
(622, 98, '2024-01-20', 1554.58),
(623, 28, '2024-01-10', 151.55),
(624, 56, '2024-01-12', 2005.6),
(625, 56, '2024-01-04', 2971.76),
(626, 60, '2024-01-19', 3081.25),
(627, 36, '2024-01-17', 1517.4),
(628, 16, '2024-01-16', 4007.98),
(629, 94, '2024-01-15', 2876.69),
(630, 10, '2024-01-04', 4402.2),
(631, 39, '2024-01-28', 2442.51),
(632, 10, '2024-01-09', 3003.24),
(633, 4, '2024-01-12', 2411.22),
(634, 83, '2024-01-14', 915.75),
(635, 62, '2024-01-08', 3107.61),
(636, 66, '2024-01-11', 1017.34),
(637, 10, '2024-01-02', 3817.98),
(638, 10, '2024-01-20', 4320.82),
(639, 32, '2024-01-20', 1112.94),
(640, 20, '2024-01-07', 3332.22),
(641, 31, '2024-01-28', 3942.78),
(642, 25, '2024-01-08', 2244.94),
(643, 41, '2024-01-07', 4809.57),
(644, 14, '2024-01-02', 4536.2),
(645, 59, '2024-01-25', 4023.88),
(646, 37, '2024-01-07', 2639.24),
(647, 94, '2024-01-17', 2858.48),
(648, 54, '2024-01-28', 2940.88),
(649, 70, '2024-01-10', 1442.99),
(650, 92, '2024-01-08', 1857.81),
(651, 99, '2024-01-21', 4633.57),
(652, 32, '2024-01-23', 4815.05),
(653, 34, '2024-01-02', 2133.49),
(654, 35, '2024-01-10', 2407.78),
(655, 74, '2024-01-23', 1002.87),
(656, 64, '2024-01-12', 4985.44),
(657, 77, '2024-01-27', 113.18),
(658, 60, '2024-01-08', 2595.64),
(659, 93, '2024-01-05', 2215.6),
(660, 83, '2024-01-13', 4793.23),
(661, 49, '2024-01-23', 1658.74),
(662, 9, '2024-01-14', 4363.67),
(663, 87, '2024-01-02', 3363.66),
(664, 26, '2024-01-28', 630.28),
(665, 5, '2024-01-23', 4273.75),
(666, 94, '2024-01-26', 3320.54),
(667, 35, '2024-01-06', 1911.81),
(668, 70, '2024-01-23', 299.82),
(669, 19, '2024-01-10', 4315.06),
(670, 6, '2024-01-25', 1073.43),
(671, 11, '2024-01-01', 2698.93),
(672, 1, '2024-01-06', 3571.44),
(673, 47, '2024-01-11', 4801.82),
(674, 86, '2024-01-03', 3437.41),
(675, 19, '2024-01-21', 1792.63),
(676, 14, '2024-01-15', 4827.41),
(677, 72, '2024-01-19', 2194.87),
(678, 64, '2024-01-20', 4755.66),
(679, 54, '2024-01-25', 1844.31),
(680, 36, '2024-01-19', 2006.12),
(681, 60, '2024-01-05', 821.5),
(682, 65, '2024-01-18', 1887.32),
(683, 75, '2024-01-22', 1526.53),
(684, 90, '2024-01-01', 2241.74),
(685, 26, '2024-01-06', 4726.92),
(686, 62, '2024-01-23', 2886.57),
(687, 42, '2024-01-06', 319.92),
(688, 99, '2024-01-01', 721.97),
(689, 28, '2024-01-22', 2749.51),
(690, 20, '2024-01-28', 2264.4),
(691, 70, '2024-01-28', 188.86),
(692, 55, '2024-01-14', 4638.52),
(693, 63, '2024-01-07', 3152.27),
(694, 12, '2024-01-16', 3753.29),
(695, 7, '2024-01-10', 1966.06),
(696, 43, '2024-01-15', 3514.5),
(697, 90, '2024-01-13', 1178.14),
(698, 93, '2024-01-17', 584.7),
(699, 56, '2024-01-11', 2297.37),
(700, 4, '2024-01-10', 1599.18),
(701, 23, '2024-01-04', 4311.86),
(702, 90, '2024-01-18', 1511.82),
(703, 70, '2024-01-27', 237.53),
(704, 83, '2024-01-11', 3795.19),
(705, 8, '2024-01-09', 1130.84),
(706, 52, '2024-01-11', 84.14),
(707, 57, '2024-01-01', 2387.87),
(708, 54, '2024-01-07', 484.46),
(709, 51, '2024-01-13', 708.39),
(710, 49, '2024-01-05', 3110.36),
(711, 89, '2024-01-03', 2217.34),
(712, 7, '2024-01-28', 1537.45),
(713, 46, '2024-01-07', 516.09),
(714, 95, '2024-01-26', 487.44),
(715, 95, '2024-01-27', 1459.62),
(716, 9, '2024-01-25', 3931.43),
(717, 78, '2024-01-11', 3230.05),
(718, 30, '2024-01-28', 2422.8),
(719, 66, '2024-01-08', 400.02),
(720, 21, '2024-01-05', 303.25),
(721, 31, '2024-01-14', 830.51),
(722, 87, '2024-01-23', 4790.45),
(723, 19, '2024-01-05', 3879.31),
(724, 45, '2024-01-22', 150.4),
(725, 52, '2024-01-10', 2604.53),
(726, 75, '2024-01-27', 1429.23),
(727, 22, '2024-01-18', 185.35),
(728, 86, '2024-01-11', 1009.57),
(729, 16, '2024-01-02', 3386.89),
(730, 52, '2024-01-04', 3566.86),
(731, 32, '2024-01-19', 2277.74),
(732, 51, '2024-01-28', 4918.17),
(733, 29, '2024-01-06', 769.22),
(734, 90, '2024-01-08', 4078.69),
(735, 18, '2024-01-06', 1167.44),
(736, 88, '2024-01-05', 1580.49),
(737, 87, '2024-01-24', 81.54),
(738, 90, '2024-01-13', 3872.38),
(739, 56, '2024-01-22', 94.85),
(740, 91, '2024-01-22', 4644.51),
(741, 44, '2024-01-12', 1387.84),
(742, 71, '2024-01-16', 2495.73),
(743, 18, '2024-01-12', 717.69),
(744, 5, '2024-01-04', 453.98),
(745, 59, '2024-01-05', 4877.16),
(746, 89, '2024-01-03', 4739.57),
(747, 87, '2024-01-10', 1724.01),
(748, 56, '2024-01-04', 1227.37),
(749, 55, '2024-01-27', 2276.6),
(750, 79, '2024-01-07', 330.05),
(751, 41, '2024-01-17', 1188.71),
(752, 41, '2024-01-06', 1202.44),
(753, 8, '2024-01-04', 4672.63),
(754, 55, '2024-01-03', 2973.36),
(755, 45, '2024-01-17', 2849.33),
(756, 58, '2024-01-08', 3587.0),
(757, 7, '2024-01-21', 1413.23),
(758, 14, '2024-01-23', 797.74),
(759, 76, '2024-01-24', 4967.24),
(760, 23, '2024-01-14', 1469.59),
(761, 81, '2024-01-14', 4173.84),
(762, 19, '2024-01-15', 3861.6),
(763, 7, '2024-01-26', 898.71),
(764, 50, '2024-01-09', 1360.56),
(765, 99, '2024-01-25', 537.13),
(766, 54, '2024-01-15', 4576.32),
(767, 49, '2024-01-04', 3722.21),
(768, 16, '2024-01-15', 1992.3),
(769, 82, '2024-01-11', 2541.27),
(770, 45, '2024-01-12', 3207.4),
(771, 25, '2024-01-18', 183.86),
(772, 33, '2024-01-09', 2816.89),
(773, 80, '2024-01-22', 2841.87),
(774, 38, '2024-01-06', 885.87),
(775, 32, '2024-01-22', 3893.37),
(776, 18, '2024-01-03', 1269.03),
(777, 3, '2024-01-23', 93.2),
(778, 99, '2024-01-24', 4853.7),
(779, 10, '2024-01-03', 3202.97),
(780, 41, '2024-01-14', 2360.59),
(781, 64, '2024-01-06', 1465.11),
(782, 71, '2024-01-19', 1965.06),
(783, 78, '2024-01-15', 3895.0),
(784, 77, '2024-01-25', 2460.22),
(785, 60, '2024-01-17', 4760.25),
(786, 75, '2024-01-26', 1987.83),
(787, 29, '2024-01-25', 1030.38),
(788, 65, '2024-01-23', 1583.32),
(789, 75, '2024-01-17', 3311.65),
(790, 79, '2024-01-11', 1740.51),
(791, 69, '2024-01-03', 2952.73),
(792, 66, '2024-01-22', 1076.46),
(793, 1, '2024-01-14', 55.03),
(794, 1, '2024-01-02', 2937.33),
(795, 5, '2024-01-24', 2772.61),
(796, 97, '2024-01-20', 889.47),
(797, 52, '2024-01-24', 2598.89),
(798, 95, '2024-01-01', 683.53),
(799, 98, '2024-01-26', 1921.42),
(800, 54, '2024-01-12', 1779.66);


INSERT INTO Itens_Pedido (ID_Item, ID_Pedido, ID_Produto, Quantidade) VALUES
(1, 142, 24, 1),
(2, 435, 14, 10),
(3, 394, 23, 1),
(4, 441, 21, 7),
(5, 668, 15, 3),
(6, 475, 11, 2),
(7, 83, 34, 7),
(8, 545, 19, 10),
(9, 419, 5, 4),
(10, 82, 35, 1),
(11, 210, 11, 4),
(12, 163, 42, 10),
(13, 662, 31, 2),
(14, 375, 48, 7),
(15, 789, 18, 6),
(16, 494, 23, 1),
(17, 687, 33, 1),
(18, 485, 8, 9),
(19, 665, 36, 3),
(20, 780, 32, 9),
(21, 476, 7, 10),
(22, 335, 23, 1),
(23, 744, 10, 6),
(24, 224, 24, 5),
(25, 145, 17, 2),
(26, 736, 39, 6),
(27, 244, 46, 10),
(28, 104, 11, 3),
(29, 725, 3, 2),
(30, 737, 50, 6),
(31, 549, 36, 5),
(32, 200, 48, 8),
(33, 327, 13, 5),
(34, 268, 18, 6),
(35, 758, 31, 5),
(36, 709, 22, 10),
(37, 97, 14, 7),
(38, 274, 19, 2),
(39, 795, 12, 8),
(40, 330, 2, 1),
(41, 488, 43, 9),
(42, 709, 4, 7),
(43, 82, 18, 10),
(44, 625, 28, 9),
(45, 746, 18, 10),
(46, 340, 49, 9),
(47, 649, 16, 10),
(48, 462, 4, 2),
(49, 663, 17, 8),
(50, 109, 32, 9),
(51, 513, 31, 8),
(52, 776, 13, 7),
(53, 38, 46, 8),
(54, 687, 7, 3),
(55, 433, 24, 6),
(56, 187, 24, 3),
(57, 244, 9, 9),
(58, 102, 33, 1),
(59, 110, 24, 7),
(60, 406, 26, 7),
(61, 224, 49, 7),
(62, 303, 37, 2),
(63, 612, 47, 5),
(64, 681, 14, 8),
(65, 617, 40, 4),
(66, 743, 13, 3),
(67, 292, 2, 2),
(68, 66, 9, 4),
(69, 342, 1, 9),
(70, 341, 49, 5),
(71, 336, 15, 8),
(72, 60, 32, 5),
(73, 376, 7, 10),
(74, 791, 13, 5),
(75, 438, 27, 3),
(76, 140, 20, 10),
(77, 471, 14, 4),
(78, 272, 18, 5),
(79, 462, 13, 7),
(80, 335, 7, 8),
(81, 468, 46, 2),
(82, 56, 4, 1),
(83, 52, 38, 5),
(84, 586, 31, 7),
(85, 334, 22, 7),
(86, 282, 10, 4),
(87, 55, 29, 3),
(88, 548, 3, 8),
(89, 668, 34, 8),
(90, 95, 1, 3),
(91, 415, 25, 8),
(92, 99, 9, 3),
(93, 154, 15, 6),
(94, 86, 16, 3),
(95, 622, 25, 10),
(96, 358, 50, 6),
(97, 317, 3, 4),
(98, 537, 4, 10),
(99, 130, 45, 10),
(100, 241, 46, 6),
(101, 120, 8, 8),
(102, 539, 11, 5),
(103, 503, 10, 7),
(104, 182, 22, 10),
(105, 43, 10, 10),
(106, 229, 6, 2),
(107, 364, 27, 6),
(108, 29, 47, 5),
(109, 751, 6, 2),
(110, 690, 50, 9),
(111, 441, 46, 9),
(112, 303, 43, 1),
(113, 582, 7, 9),
(114, 731, 13, 9),
(115, 622, 4, 6),
(116, 628, 10, 3),
(117, 200, 3, 8),
(118, 713, 38, 8),
(119, 743, 12, 5),
(120, 706, 7, 1),
(121, 645, 42, 4),
(122, 125, 18, 7),
(123, 369, 31, 7),
(124, 578, 40, 8),
(125, 285, 22, 9),
(126, 794, 18, 6),
(127, 662, 29, 10),
(128, 649, 22, 6),
(129, 473, 31, 5),
(130, 173, 36, 1),
(131, 648, 2, 7),
(132, 494, 29, 1),
(133, 614, 18, 3),
(134, 112, 29, 1),
(135, 639, 6, 9),
(136, 197, 20, 6),
(137, 603, 9, 3),
(138, 722, 23, 1),
(139, 110, 14, 8),
(140, 294, 35, 3),
(141, 355, 11, 10),
(142, 212, 11, 4),
(143, 787, 24, 2),
(144, 267, 36, 8),
(145, 409, 1, 10),
(146, 93, 31, 9),
(147, 117, 23, 10),
(148, 31, 13, 2),
(149, 209, 6, 3),
(150, 699, 16, 7),
(151, 299, 2, 8),
(152, 364, 12, 4),
(153, 393, 26, 1),
(154, 518, 4, 9),
(155, 672, 10, 10),
(156, 216, 49, 6),
(157, 19, 6, 10),
(158, 32, 17, 1),
(159, 510, 36, 10),
(160, 740, 34, 7),
(161, 693, 47, 6),
(162, 715, 28, 8),
(163, 330, 35, 1),
(164, 793, 40, 7),
(165, 330, 35, 8),
(166, 474, 23, 7),
(167, 585, 40, 6),
(168, 794, 11, 7),
(169, 155, 30, 3),
(170, 713, 21, 9),
(171, 216, 27, 3),
(172, 383, 24, 3),
(173, 529, 20, 6),
(174, 140, 44, 5),
(175, 81, 44, 3),
(176, 4, 12, 1),
(177, 692, 8, 8),
(178, 426, 15, 10),
(179, 717, 20, 2),
(180, 168, 8, 10),
(181, 458, 17, 1),
(182, 503, 46, 9),
(183, 265, 39, 5),
(184, 593, 18, 3),
(185, 103, 36, 3),
(186, 672, 7, 1),
(187, 430, 50, 1),
(188, 625, 3, 3),
(189, 370, 29, 5),
(190, 42, 42, 8),
(191, 335, 16, 9),
(192, 355, 39, 8),
(193, 384, 26, 4),
(194, 364, 6, 2),
(195, 332, 4, 5),
(196, 544, 44, 6),
(197, 288, 43, 6),
(198, 715, 21, 9),
(199, 153, 11, 5),
(200, 280, 30, 9),
(201, 121, 16, 6),
(202, 666, 44, 5),
(203, 47, 2, 4),
(204, 387, 49, 8),
(205, 785, 35, 6),
(206, 779, 45, 2),
(207, 751, 7, 5),
(208, 681, 34, 4),
(209, 330, 47, 10),
(210, 211, 23, 7),
(211, 538, 46, 5),
(212, 575, 40, 5),
(213, 706, 20, 7),
(214, 37, 16, 5),
(215, 2, 44, 7),
(216, 758, 14, 8),
(217, 657, 46, 6),
(218, 777, 46, 5),
(219, 283, 26, 7),
(220, 109, 43, 5),
(221, 253, 6, 10),
(222, 724, 47, 9),
(223, 658, 17, 8),
(224, 472, 22, 4),
(225, 4, 49, 3),
(226, 195, 26, 9),
(227, 681, 33, 9),
(228, 544, 46, 9),
(229, 275, 44, 6),
(230, 83, 30, 9),
(231, 671, 40, 5),
(232, 365, 21, 10),
(233, 399, 5, 3),
(234, 438, 32, 8),
(235, 401, 28, 10),
(236, 394, 40, 7),
(237, 654, 31, 4),
(238, 229, 21, 7),
(239, 565, 16, 7),
(240, 91, 39, 7),
(241, 142, 49, 7),
(242, 526, 14, 4),
(243, 23, 23, 3),
(244, 607, 2, 6),
(245, 169, 2, 7),
(246, 107, 42, 5),
(247, 298, 27, 2),
(248, 34, 26, 3),
(249, 434, 35, 6),
(250, 156, 35, 3),
(251, 446, 32, 5),
(252, 713, 19, 9),
(253, 545, 47, 5),
(254, 140, 45, 6),
(255, 259, 18, 7),
(256, 691, 31, 2),
(257, 524, 10, 2),
(258, 440, 31, 4),
(259, 471, 9, 8),
(260, 462, 34, 9),
(261, 542, 2, 8),
(262, 125, 25, 8),
(263, 467, 40, 4),
(264, 553, 4, 8),
(265, 556, 48, 5),
(266, 612, 21, 3),
(267, 719, 7, 6),
(268, 230, 40, 1),
(269, 428, 9, 3),
(270, 578, 45, 3),
(271, 19, 22, 5),
(272, 222, 39, 5),
(273, 109, 40, 6),
(274, 115, 32, 8),
(275, 42, 49, 4),
(276, 163, 39, 7),
(277, 166, 39, 8),
(278, 562, 26, 7),
(279, 256, 12, 7),
(280, 302, 5, 9),
(281, 590, 16, 3),
(282, 408, 49, 2),
(283, 633, 32, 4),
(284, 460, 31, 8),
(285, 537, 48, 4),
(286, 555, 38, 8),
(287, 69, 41, 3),
(288, 358, 11, 8),
(289, 548, 15, 6),
(290, 658, 40, 5),
(291, 319, 33, 7),
(292, 326, 11, 5),
(293, 3, 4, 1),
(294, 720, 32, 8),
(295, 623, 20, 3),
(296, 478, 33, 6),
(297, 67, 4, 2),
(298, 194, 27, 9),
(299, 110, 40, 6),
(300, 683, 39, 5),
(301, 787, 9, 4),
(302, 91, 26, 5),
(303, 364, 18, 7),
(304, 340, 37, 5),
(305, 674, 15, 4),
(306, 726, 19, 6),
(307, 141, 35, 4),
(308, 634, 3, 3),
(309, 638, 42, 4),
(310, 664, 17, 7),
(311, 11, 34, 2),
(312, 118, 32, 10),
(313, 655, 24, 8),
(314, 618, 50, 1),
(315, 319, 20, 5),
(316, 140, 14, 10),
(317, 617, 1, 2),
(318, 567, 22, 7),
(319, 736, 4, 3),
(320, 204, 2, 6),
(321, 788, 44, 4),
(322, 579, 40, 8),
(323, 269, 10, 6),
(324, 356, 21, 1),
(325, 344, 50, 8),
(326, 472, 1, 8),
(327, 258, 1, 9),
(328, 265, 32, 8),
(329, 631, 48, 2),
(330, 197, 38, 6),
(331, 137, 50, 7),
(332, 448, 19, 5),
(333, 157, 4, 7),
(334, 473, 5, 1),
(335, 697, 6, 2),
(336, 502, 9, 7),
(337, 363, 8, 5),
(338, 762, 38, 6),
(339, 194, 23, 5),
(340, 153, 47, 9),
(341, 778, 16, 5),
(342, 769, 12, 5),
(343, 260, 35, 7),
(344, 152, 41, 2),
(345, 655, 4, 2),
(346, 426, 27, 6),
(347, 685, 42, 10),
(348, 526, 40, 7),
(349, 623, 25, 7),
(350, 534, 44, 9),
(351, 367, 16, 8),
(352, 603, 25, 10),
(353, 393, 24, 1),
(354, 559, 4, 1),
(355, 729, 38, 9),
(356, 530, 33, 7),
(357, 47, 37, 3),
(358, 554, 29, 4),
(359, 431, 24, 2),
(360, 177, 2, 8),
(361, 583, 36, 8),
(362, 165, 1, 10),
(363, 35, 2, 2),
(364, 73, 18, 8),
(365, 177, 50, 5),
(366, 667, 39, 10),
(367, 116, 6, 7),
(368, 28, 36, 4),
(369, 14, 25, 3),
(370, 484, 2, 4),
(371, 732, 1, 5),
(372, 481, 15, 4),
(373, 693, 23, 2),
(374, 486, 40, 10),
(375, 717, 45, 7),
(376, 440, 4, 5),
(377, 388, 10, 9),
(378, 468, 1, 1),
(379, 610, 38, 7),
(380, 413, 35, 10),
(381, 136, 47, 5),
(382, 437, 19, 10),
(383, 3, 2, 6),
(384, 515, 19, 6),
(385, 222, 42, 9),
(386, 182, 27, 5),
(387, 475, 46, 9),
(388, 348, 44, 1),
(389, 527, 6, 1),
(390, 239, 44, 8),
(391, 60, 22, 6),
(392, 596, 38, 1),
(393, 617, 44, 1),
(394, 404, 8, 5),
(395, 380, 38, 8),
(396, 575, 2, 10),
(397, 732, 38, 7),
(398, 660, 10, 8),
(399, 642, 49, 4),
(400, 223, 43, 4),
(401, 371, 34, 5),
(402, 544, 25, 10),
(403, 575, 41, 8),
(404, 451, 48, 4),
(405, 632, 11, 7),
(406, 471, 10, 1),
(407, 460, 37, 5),
(408, 503, 34, 8),
(409, 682, 50, 7),
(410, 2, 37, 5),
(411, 352, 34, 3),
(412, 747, 9, 3),
(413, 696, 3, 3),
(414, 623, 4, 1),
(415, 96, 32, 7),
(416, 294, 27, 1),
(417, 521, 33, 5),
(418, 657, 32, 4),
(419, 326, 49, 8),
(420, 585, 2, 3),
(421, 35, 37, 9),
(422, 171, 9, 6),
(423, 753, 42, 4),
(424, 141, 8, 5),
(425, 213, 35, 4),
(426, 650, 23, 3),
(427, 405, 32, 1),
(428, 765, 8, 2),
(429, 597, 43, 9),
(430, 414, 11, 7),
(431, 35, 29, 6),
(432, 630, 45, 2),
(433, 313, 47, 1),
(434, 541, 43, 1),
(435, 351, 23, 2),
(436, 702, 49, 8),
(437, 145, 37, 3),
(438, 602, 30, 8),
(439, 712, 46, 10),
(440, 655, 36, 10),
(441, 731, 15, 3),
(442, 246, 37, 8),
(443, 245, 7, 6),
(444, 605, 36, 6),
(445, 196, 39, 6),
(446, 616, 45, 6),
(447, 727, 43, 2),
(448, 548, 42, 6),
(449, 509, 21, 3),
(450, 739, 10, 2),
(451, 464, 10, 6),
(452, 505, 9, 9),
(453, 418, 33, 3),
(454, 130, 17, 8),
(455, 779, 5, 6),
(456, 432, 5, 8),
(457, 276, 35, 2),
(458, 696, 49, 9),
(459, 559, 39, 3),
(460, 239, 42, 9),
(461, 725, 18, 5),
(462, 674, 41, 8),
(463, 700, 43, 4),
(464, 684, 25, 1),
(465, 510, 41, 9),
(466, 106, 12, 4),
(467, 330, 33, 4),
(468, 560, 50, 9),
(469, 791, 18, 4),
(470, 651, 45, 1),
(471, 580, 47, 8),
(472, 293, 16, 4),
(473, 660, 26, 2),
(474, 102, 47, 3),
(475, 620, 10, 1),
(476, 388, 49, 2),
(477, 397, 35, 10),
(478, 712, 17, 2),
(479, 364, 22, 5),
(480, 787, 11, 8),
(481, 74, 36, 6),
(482, 253, 32, 5),
(483, 363, 50, 7),
(484, 646, 32, 1),
(485, 581, 47, 3),
(486, 302, 11, 7),
(487, 469, 41, 5),
(488, 27, 34, 9),
(489, 1, 27, 7),
(490, 500, 35, 10),
(491, 415, 24, 6),
(492, 197, 34, 1),
(493, 377, 7, 8),
(494, 160, 5, 5),
(495, 34, 31, 7),
(496, 273, 27, 5),
(497, 443, 7, 5),
(498, 796, 31, 6),
(499, 577, 24, 8),
(500, 429, 2, 2),
(501, 4, 39, 8),
(502, 490, 8, 7),
(503, 716, 19, 3),
(504, 787, 11, 9),
(505, 363, 44, 6),
(506, 299, 44, 7),
(507, 684, 39, 9),
(508, 624, 26, 3),
(509, 385, 5, 2),
(510, 87, 6, 5),
(511, 272, 15, 7),
(512, 766, 19, 7),
(513, 361, 25, 8),
(514, 400, 35, 3),
(515, 744, 48, 10),
(516, 540, 46, 10),
(517, 685, 50, 10),
(518, 300, 24, 7),
(519, 569, 27, 6),
(520, 200, 2, 5),
(521, 469, 50, 10),
(522, 341, 30, 3),
(523, 155, 37, 8),
(524, 613, 32, 9),
(525, 222, 17, 10),
(526, 400, 27, 7),
(527, 528, 7, 1),
(528, 694, 29, 10),
(529, 326, 17, 6),
(530, 65, 36, 7),
(531, 106, 46, 1),
(532, 240, 43, 7),
(533, 333, 9, 5),
(534, 86, 30, 2),
(535, 298, 30, 10),
(536, 198, 14, 3),
(537, 177, 29, 5),
(538, 367, 17, 10),
(539, 538, 13, 4),
(540, 746, 31, 4),
(541, 240, 41, 1),
(542, 389, 19, 9),
(543, 279, 43, 3),
(544, 448, 26, 3),
(545, 746, 38, 6),
(546, 22, 11, 3),
(547, 76, 30, 6),
(548, 240, 47, 7),
(549, 581, 19, 9),
(550, 576, 28, 5),
(551, 161, 7, 3),
(552, 505, 32, 10),
(553, 125, 45, 8),
(554, 187, 41, 4),
(555, 166, 22, 6),
(556, 778, 48, 4),
(557, 777, 33, 3),
(558, 44, 22, 4),
(559, 178, 5, 4),
(560, 383, 24, 2),
(561, 318, 36, 10),
(562, 382, 19, 5),
(563, 655, 46, 8),
(564, 652, 2, 5),
(565, 32, 3, 8),
(566, 412, 15, 10),
(567, 77, 5, 9),
(568, 372, 37, 10),
(569, 562, 22, 9),
(570, 280, 12, 7),
(571, 641, 36, 6),
(572, 411, 16, 2),
(573, 57, 25, 6),
(574, 512, 41, 2),
(575, 112, 45, 4),
(576, 529, 19, 8),
(577, 193, 15, 2),
(578, 423, 3, 9),
(579, 563, 39, 2),
(580, 508, 27, 10),
(581, 666, 9, 8),
(582, 315, 50, 10),
(583, 95, 40, 7),
(584, 111, 16, 4),
(585, 533, 40, 3),
(586, 147, 46, 8),
(587, 153, 43, 5),
(588, 297, 49, 7),
(589, 503, 16, 6),
(590, 255, 49, 3),
(591, 623, 4, 8),
(592, 717, 37, 4),
(593, 482, 17, 1),
(594, 224, 22, 3),
(595, 730, 7, 8),
(596, 123, 4, 6),
(597, 676, 32, 10),
(598, 588, 44, 5),
(599, 476, 38, 7),
(600, 687, 39, 8),
(601, 719, 43, 4),
(602, 76, 50, 8),
(603, 630, 42, 1),
(604, 501, 14, 3),
(605, 396, 42, 6),
(606, 526, 5, 6),
(607, 627, 46, 7),
(608, 598, 24, 1),
(609, 164, 7, 5),
(610, 339, 32, 2),
(611, 168, 33, 2),
(612, 622, 27, 3),
(613, 466, 8, 3),
(614, 768, 7, 9),
(615, 354, 26, 1),
(616, 578, 19, 2),
(617, 305, 40, 9),
(618, 259, 9, 6),
(619, 666, 14, 5),
(620, 521, 11, 8),
(621, 25, 10, 7),
(622, 45, 21, 7),
(623, 272, 4, 5),
(624, 344, 47, 3),
(625, 299, 45, 9),
(626, 291, 1, 6),
(627, 500, 33, 5),
(628, 249, 8, 3),
(629, 657, 37, 7),
(630, 279, 31, 4),
(631, 565, 24, 2),
(632, 598, 9, 6),
(633, 547, 15, 2),
(634, 537, 49, 9),
(635, 718, 41, 4),
(636, 378, 40, 8),
(637, 178, 37, 5),
(638, 635, 43, 2),
(639, 344, 20, 7),
(640, 644, 7, 9),
(641, 787, 31, 6),
(642, 710, 49, 5),
(643, 409, 17, 8),
(644, 227, 42, 10),
(645, 584, 2, 4),
(646, 255, 2, 8),
(647, 577, 23, 5),
(648, 177, 43, 1),
(649, 720, 33, 7),
(650, 257, 13, 1),
(651, 183, 12, 3),
(652, 399, 36, 10),
(653, 15, 16, 7),
(654, 698, 2, 1),
(655, 769, 39, 5),
(656, 688, 37, 7),
(657, 602, 10, 6),
(658, 316, 27, 1),
(659, 451, 27, 5),
(660, 277, 6, 1),
(661, 715, 15, 4),
(662, 318, 48, 6),
(663, 647, 34, 3),
(664, 800, 34, 5),
(665, 28, 12, 3),
(666, 588, 34, 9),
(667, 505, 28, 1),
(668, 157, 25, 10),
(669, 687, 31, 4),
(670, 658, 41, 3),
(671, 375, 28, 7),
(672, 576, 38, 7),
(673, 289, 5, 10),
(674, 271, 48, 6),
(675, 113, 31, 4),
(676, 740, 35, 1),
(677, 775, 28, 6),
(678, 167, 28, 7),
(679, 309, 25, 6),
(680, 599, 27, 7),
(681, 40, 23, 5),
(682, 667, 50, 8),
(683, 204, 37, 5),
(684, 605, 26, 10),
(685, 494, 42, 3),
(686, 698, 43, 2),
(687, 481, 26, 4),
(688, 297, 1, 1),
(689, 564, 37, 8),
(690, 348, 4, 7),
(691, 350, 49, 3),
(692, 111, 25, 9),
(693, 449, 38, 4),
(694, 314, 10, 7),
(695, 335, 31, 2),
(696, 290, 43, 5),
(697, 480, 35, 3),
(698, 297, 46, 8),
(699, 667, 41, 2),
(700, 693, 13, 3),
(701, 349, 33, 2),
(702, 118, 12, 5),
(703, 278, 24, 7),
(704, 658, 2, 8),
(705, 459, 40, 7),
(706, 64, 11, 9),
(707, 734, 19, 4),
(708, 729, 11, 5),
(709, 721, 16, 7),
(710, 691, 17, 4),
(711, 133, 21, 5),
(712, 605, 22, 3),
(713, 3, 36, 8),
(714, 66, 16, 10),
(715, 390, 41, 2),
(716, 158, 6, 2),
(717, 157, 47, 5),
(718, 481, 17, 4),
(719, 765, 8, 10),
(720, 595, 19, 9),
(721, 679, 4, 10),
(722, 798, 50, 2),
(723, 69, 50, 7),
(724, 102, 19, 1),
(725, 544, 36, 2),
(726, 285, 41, 7),
(727, 581, 13, 8),
(728, 638, 10, 10),
(729, 259, 40, 7),
(730, 378, 24, 9),
(731, 207, 38, 1),
(732, 231, 23, 3),
(733, 632, 47, 7),
(734, 680, 23, 4),
(735, 322, 36, 7),
(736, 215, 12, 10),
(737, 321, 20, 8),
(738, 700, 17, 1),
(739, 423, 50, 4),
(740, 241, 49, 7),
(741, 300, 34, 3),
(742, 124, 6, 7),
(743, 340, 30, 8),
(744, 184, 36, 4),
(745, 50, 38, 10),
(746, 565, 8, 1),
(747, 196, 44, 4),
(748, 687, 47, 6),
(749, 386, 22, 1),
(750, 619, 4, 4),
(751, 477, 27, 4),
(752, 111, 44, 5),
(753, 609, 11, 5),
(754, 276, 50, 3),
(755, 404, 41, 5),
(756, 605, 1, 5),
(757, 657, 25, 9),
(758, 594, 8, 1),
(759, 736, 26, 1),
(760, 347, 5, 5),
(761, 778, 36, 8),
(762, 371, 22, 4),
(763, 246, 3, 6),
(764, 204, 6, 2),
(765, 494, 17, 4),
(766, 36, 39, 9),
(767, 126, 35, 4),
(768, 481, 5, 2),
(769, 295, 40, 10),
(770, 291, 13, 7),
(771, 509, 1, 8),
(772, 587, 24, 1),
(773, 235, 35, 3),
(774, 215, 9, 7),
(775, 756, 26, 10),
(776, 387, 43, 7),
(777, 199, 39, 5),
(778, 195, 12, 4),
(779, 3, 39, 5),
(780, 327, 8, 1),
(781, 200, 48, 2),
(782, 389, 50, 3),
(783, 442, 3, 6),
(784, 363, 15, 2),
(785, 286, 28, 2),
(786, 362, 32, 1),
(787, 322, 49, 7),
(788, 126, 46, 2),
(789, 180, 4, 6),
(790, 773, 1, 5),
(791, 210, 42, 8),
(792, 657, 39, 7),
(793, 474, 19, 6),
(794, 568, 6, 9),
(795, 477, 41, 9),
(796, 533, 9, 1),
(797, 226, 35, 3),
(798, 612, 38, 7),
(799, 699, 44, 1),
(800, 750, 32, 3),
(801, 461, 41, 6),
(802, 442, 13, 9),
(803, 726, 46, 2),
(804, 157, 36, 7),
(805, 691, 34, 8),
(806, 4, 24, 9),
(807, 474, 28, 1),
(808, 708, 7, 9),
(809, 482, 17, 7),
(810, 115, 13, 6),
(811, 280, 28, 7),
(812, 155, 38, 6),
(813, 425, 45, 2),
(814, 463, 50, 4),
(815, 515, 46, 6),
(816, 494, 10, 9),
(817, 225, 24, 4),
(818, 260, 32, 8),
(819, 236, 40, 10),
(820, 320, 34, 8),
(821, 511, 49, 2),
(822, 527, 43, 3),
(823, 169, 19, 4),
(824, 45, 21, 4),
(825, 422, 9, 6),
(826, 415, 48, 8),
(827, 47, 26, 4),
(828, 446, 16, 3),
(829, 761, 11, 9),
(830, 326, 44, 9),
(831, 660, 18, 2),
(832, 391, 9, 10),
(833, 594, 48, 4),
(834, 304, 49, 2),
(835, 135, 44, 3),
(836, 431, 31, 10),
(837, 637, 46, 1),
(838, 702, 44, 1),
(839, 321, 35, 10),
(840, 334, 9, 8),
(841, 19, 13, 5),
(842, 716, 15, 4),
(843, 704, 19, 6),
(844, 175, 28, 9),
(845, 227, 32, 2),
(846, 329, 41, 2),
(847, 628, 24, 1),
(848, 188, 27, 10),
(849, 326, 15, 9),
(850, 10, 14, 2),
(851, 263, 29, 7),
(852, 772, 28, 10),
(853, 706, 25, 1),
(854, 581, 35, 6),
(855, 552, 19, 6),
(856, 689, 41, 8),
(857, 618, 2, 7),
(858, 571, 47, 4),
(859, 462, 22, 8),
(860, 261, 28, 8),
(861, 209, 5, 10),
(862, 569, 3, 7),
(863, 80, 10, 4),
(864, 339, 21, 1),
(865, 372, 42, 6),
(866, 514, 38, 8),
(867, 495, 4, 1),
(868, 335, 35, 6),
(869, 53, 41, 2),
(870, 653, 39, 9),
(871, 556, 4, 5),
(872, 141, 28, 5),
(873, 321, 24, 10),
(874, 726, 36, 4),
(875, 561, 10, 3),
(876, 11, 3, 7),
(877, 792, 37, 1),
(878, 117, 7, 5),
(879, 567, 39, 4),
(880, 438, 23, 7),
(881, 728, 15, 8),
(882, 394, 24, 6),
(883, 17, 18, 7),
(884, 371, 25, 3),
(885, 508, 39, 10),
(886, 103, 33, 7),
(887, 756, 45, 8),
(888, 752, 48, 10),
(889, 119, 9, 9),
(890, 197, 36, 3),
(891, 138, 28, 7),
(892, 69, 40, 10),
(893, 554, 17, 7),
(894, 558, 47, 6),
(895, 29, 30, 3),
(896, 538, 4, 9),
(897, 200, 26, 2),
(898, 70, 49, 1),
(899, 23, 25, 1),
(900, 320, 9, 3),
(901, 791, 22, 6),
(902, 144, 32, 7),
(903, 614, 4, 5),
(904, 212, 23, 7),
(905, 374, 23, 3),
(906, 165, 42, 1),
(907, 303, 15, 8),
(908, 720, 48, 7),
(909, 232, 43, 6),
(910, 398, 4, 10),
(911, 584, 41, 2),
(912, 683, 34, 1),
(913, 563, 5, 3),
(914, 678, 39, 3),
(915, 94, 36, 10),
(916, 606, 39, 4),
(917, 208, 13, 9),
(918, 125, 27, 8),
(919, 539, 24, 5),
(920, 699, 32, 8),
(921, 570, 33, 8),
(922, 375, 27, 6),
(923, 655, 8, 1),
(924, 669, 4, 10),
(925, 749, 32, 9),
(926, 190, 44, 6),
(927, 240, 29, 8),
(928, 730, 32, 9),
(929, 279, 39, 6),
(930, 334, 11, 9),
(931, 267, 47, 5),
(932, 216, 16, 2),
(933, 652, 14, 10),
(934, 385, 21, 2),
(935, 69, 39, 1),
(936, 787, 20, 5),
(937, 713, 19, 1),
(938, 166, 38, 9),
(939, 65, 6, 3),
(940, 793, 25, 2),
(941, 779, 50, 9),
(942, 257, 1, 2),
(943, 253, 37, 7),
(944, 151, 5, 1),
(945, 183, 2, 9),
(946, 550, 39, 7),
(947, 441, 29, 1),
(948, 600, 44, 5),
(949, 242, 17, 2),
(950, 448, 45, 7),
(951, 753, 7, 3),
(952, 467, 45, 5),
(953, 698, 1, 3),
(954, 65, 17, 5),
(955, 435, 19, 7),
(956, 132, 1, 9),
(957, 111, 12, 6),
(958, 392, 13, 3),
(959, 498, 22, 1),
(960, 390, 40, 7),
(961, 188, 7, 4),
(962, 307, 43, 1),
(963, 179, 23, 2),
(964, 60, 36, 4),
(965, 189, 38, 2),
(966, 201, 36, 8),
(967, 684, 20, 7),
(968, 190, 8, 6),
(969, 295, 30, 7),
(970, 214, 45, 6),
(971, 29, 45, 5),
(972, 78, 33, 1),
(973, 67, 45, 9),
(974, 300, 13, 4),
(975, 618, 3, 2),
(976, 351, 10, 4),
(977, 512, 4, 7),
(978, 405, 45, 2),
(979, 700, 8, 8),
(980, 197, 21, 6),
(981, 278, 30, 6),
(982, 364, 21, 8),
(983, 799, 5, 4),
(984, 119, 7, 6),
(985, 769, 33, 2),
(986, 734, 21, 3),
(987, 471, 12, 8),
(988, 482, 4, 9),
(989, 269, 3, 7),
(990, 434, 26, 7),
(991, 394, 6, 9),
(992, 739, 2, 1),
(993, 384, 35, 9),
(994, 663, 45, 5),
(995, 23, 21, 4),
(996, 757, 13, 2),
(997, 622, 27, 2),
(998, 295, 14, 2),
(999, 235, 3, 7),
(1000, 103, 42, 2),
(1001, 417, 15, 2),
(1002, 771, 35, 4),
(1003, 540, 19, 4),
(1004, 496, 5, 5),
(1005, 313, 25, 8),
(1006, 595, 23, 9),
(1007, 557, 27, 7),
(1008, 581, 3, 1),
(1009, 242, 45, 5),
(1010, 406, 15, 8),
(1011, 631, 25, 10),
(1012, 258, 15, 7),
(1013, 462, 2, 8),
(1014, 302, 23, 10),
(1015, 182, 4, 5),
(1016, 134, 46, 2),
(1017, 171, 19, 8),
(1018, 225, 41, 4),
(1019, 383, 22, 2),
(1020, 315, 45, 9),
(1021, 42, 3, 1),
(1022, 478, 30, 8),
(1023, 348, 25, 10),
(1024, 717, 29, 10),
(1025, 465, 18, 6),
(1026, 503, 27, 5),
(1027, 402, 37, 10),
(1028, 33, 24, 6),
(1029, 298, 19, 5),
(1030, 556, 47, 7),
(1031, 631, 3, 3),
(1032, 750, 11, 2),
(1033, 432, 42, 8),
(1034, 546, 26, 2),
(1035, 4, 17, 8),
(1036, 430, 1, 4),
(1037, 195, 17, 1),
(1038, 43, 43, 10),
(1039, 772, 27, 6),
(1040, 692, 45, 10),
(1041, 111, 6, 2),
(1042, 583, 28, 7),
(1043, 13, 20, 10),
(1044, 236, 25, 1),
(1045, 727, 24, 7),
(1046, 682, 50, 7),
(1047, 625, 23, 7),
(1048, 79, 13, 5),
(1049, 536, 2, 8),
(1050, 782, 22, 9),
(1051, 210, 14, 7),
(1052, 427, 11, 2),
(1053, 560, 30, 9),
(1054, 264, 22, 8),
(1055, 340, 43, 2),
(1056, 328, 33, 4),
(1057, 746, 13, 3),
(1058, 375, 49, 2),
(1059, 160, 4, 8),
(1060, 112, 6, 7),
(1061, 787, 33, 1),
(1062, 763, 1, 1),
(1063, 313, 32, 5),
(1064, 617, 32, 8),
(1065, 17, 10, 2),
(1066, 279, 47, 9),
(1067, 578, 7, 7),
(1068, 170, 16, 8),
(1069, 448, 40, 1),
(1070, 180, 14, 8),
(1071, 611, 16, 9),
(1072, 427, 1, 9),
(1073, 609, 50, 7),
(1074, 777, 30, 3),
(1075, 673, 8, 8),
(1076, 768, 32, 6),
(1077, 380, 14, 3),
(1078, 450, 3, 2),
(1079, 396, 6, 9),
(1080, 9, 27, 5),
(1081, 205, 33, 6),
(1082, 578, 36, 5),
(1083, 762, 10, 7),
(1084, 723, 22, 9),
(1085, 107, 37, 3),
(1086, 627, 5, 9),
(1087, 264, 21, 5),
(1088, 113, 29, 10),
(1089, 759, 22, 8),
(1090, 579, 46, 4),
(1091, 602, 19, 5),
(1092, 327, 10, 6),
(1093, 215, 30, 1),
(1094, 235, 37, 5),
(1095, 428, 12, 2),
(1096, 537, 20, 9),
(1097, 325, 37, 1),
(1098, 508, 6, 7),
(1099, 654, 34, 5),
(1100, 47, 11, 5),
(1101, 409, 32, 2),
(1102, 722, 18, 1),
(1103, 321, 33, 1),
(1104, 566, 15, 1),
(1105, 743, 3, 10),
(1106, 599, 2, 7),
(1107, 259, 13, 10),
(1108, 388, 37, 7),
(1109, 72, 11, 6),
(1110, 744, 7, 2),
(1111, 335, 28, 2),
(1112, 128, 25, 8),
(1113, 426, 11, 7),
(1114, 107, 23, 6),
(1115, 244, 3, 9),
(1116, 73, 11, 10),
(1117, 544, 39, 2),
(1118, 166, 5, 9),
(1119, 411, 19, 8),
(1120, 666, 7, 10),
(1121, 49, 1, 8),
(1122, 8, 45, 4),
(1123, 488, 11, 5),
(1124, 636, 15, 8),
(1125, 676, 20, 7),
(1126, 465, 36, 9),
(1127, 719, 39, 5),
(1128, 212, 47, 8),
(1129, 665, 8, 8),
(1130, 606, 29, 9),
(1131, 117, 39, 9),
(1132, 439, 10, 3),
(1133, 791, 43, 4),
(1134, 366, 36, 10),
(1135, 485, 12, 1),
(1136, 126, 47, 9),
(1137, 694, 46, 7),
(1138, 354, 41, 5),
(1139, 126, 19, 6),
(1140, 750, 28, 2),
(1141, 469, 38, 7),
(1142, 346, 6, 5),
(1143, 232, 36, 2),
(1144, 762, 24, 2),
(1145, 48, 35, 2),
(1146, 667, 43, 7),
(1147, 517, 34, 3),
(1148, 383, 31, 9),
(1149, 800, 35, 1),
(1150, 664, 14, 1),
(1151, 794, 21, 7),
(1152, 591, 41, 7),
(1153, 495, 34, 8),
(1154, 280, 16, 1),
(1155, 40, 40, 4),
(1156, 248, 40, 8),
(1157, 106, 22, 3),
(1158, 143, 39, 4),
(1159, 770, 23, 10),
(1160, 404, 38, 1),
(1161, 626, 38, 7),
(1162, 438, 12, 2),
(1163, 675, 50, 7),
(1164, 35, 13, 10),
(1165, 366, 43, 3),
(1166, 16, 45, 6),
(1167, 499, 49, 7),
(1168, 715, 47, 1),
(1169, 646, 27, 1),
(1170, 639, 33, 1),
(1171, 291, 50, 9),
(1172, 241, 20, 6),
(1173, 615, 25, 1),
(1174, 98, 18, 7),
(1175, 1, 8, 2),
(1176, 676, 6, 7),
(1177, 96, 2, 8),
(1178, 256, 27, 5),
(1179, 494, 3, 8),
(1180, 424, 49, 2),
(1181, 379, 23, 4),
(1182, 750, 33, 7),
(1183, 586, 49, 3),
(1184, 70, 10, 7),
(1185, 563, 6, 10),
(1186, 343, 15, 7),
(1187, 140, 27, 6),
(1188, 639, 11, 2),
(1189, 236, 50, 7),
(1190, 7, 37, 2),
(1191, 526, 50, 1),
(1192, 683, 18, 3),
(1193, 169, 36, 5),
(1194, 410, 38, 8),
(1195, 249, 26, 2),
(1196, 679, 28, 2),
(1197, 168, 42, 7),
(1198, 250, 6, 4),
(1199, 264, 48, 2),
(1200, 647, 21, 5),
(1201, 800, 24, 2),
(1202, 631, 8, 10),
(1203, 677, 4, 9),
(1204, 193, 3, 3),
(1205, 634, 27, 9),
(1206, 563, 25, 6),
(1207, 286, 31, 4),
(1208, 536, 25, 1),
(1209, 571, 15, 8),
(1210, 396, 5, 7),
(1211, 586, 41, 4),
(1212, 156, 13, 6),
(1213, 90, 2, 6),
(1214, 753, 46, 4),
(1215, 794, 19, 1),
(1216, 144, 31, 3),
(1217, 498, 16, 2),
(1218, 436, 47, 9),
(1219, 320, 15, 7),
(1220, 386, 47, 5),
(1221, 266, 14, 7),
(1222, 269, 6, 10),
(1223, 438, 49, 3),
(1224, 148, 49, 5),
(1225, 546, 33, 8),
(1226, 47, 3, 6),
(1227, 502, 8, 6),
(1228, 342, 9, 8),
(1229, 131, 12, 5),
(1230, 247, 21, 10),
(1231, 413, 22, 2),
(1232, 11, 26, 4),
(1233, 495, 5, 6),
(1234, 781, 40, 1),
(1235, 341, 11, 6),
(1236, 587, 40, 7),
(1237, 240, 19, 1),
(1238, 456, 45, 7),
(1239, 99, 38, 3),
(1240, 687, 13, 10),
(1241, 39, 48, 1),
(1242, 364, 10, 2),
(1243, 516, 34, 9),
(1244, 385, 20, 9),
(1245, 713, 29, 8),
(1246, 752, 7, 10),
(1247, 153, 4, 5),
(1248, 246, 12, 6),
(1249, 194, 32, 8),
(1250, 150, 25, 3),
(1251, 765, 42, 6),
(1252, 492, 32, 3),
(1253, 419, 29, 1),
(1254, 90, 4, 2),
(1255, 175, 24, 5),
(1256, 364, 26, 7),
(1257, 360, 41, 2),
(1258, 320, 40, 2),
(1259, 31, 10, 8),
(1260, 132, 45, 2),
(1261, 110, 10, 4),
(1262, 642, 24, 3),
(1263, 531, 19, 1),
(1264, 330, 39, 7),
(1265, 269, 14, 8),
(1266, 296, 33, 4),
(1267, 106, 4, 3),
(1268, 763, 7, 7),
(1269, 484, 42, 6),
(1270, 646, 49, 3),
(1271, 83, 47, 5),
(1272, 12, 24, 1),
(1273, 328, 43, 5),
(1274, 64, 16, 4),
(1275, 70, 11, 2),
(1276, 311, 44, 3),
(1277, 509, 11, 6),
(1278, 46, 1, 2),
(1279, 318, 23, 9),
(1280, 4, 1, 3),
(1281, 737, 15, 9),
(1282, 730, 10, 1),
(1283, 85, 35, 1),
(1284, 710, 21, 2),
(1285, 511, 37, 2),
(1286, 246, 3, 1),
(1287, 436, 39, 6),
(1288, 308, 47, 5),
(1289, 410, 39, 7),
(1290, 738, 1, 10),
(1291, 215, 35, 2),
(1292, 630, 29, 4),
(1293, 522, 29, 3),
(1294, 95, 38, 6),
(1295, 229, 34, 5),
(1296, 381, 26, 9),
(1297, 302, 49, 7),
(1298, 619, 48, 5),
(1299, 503, 5, 7),
(1300, 510, 23, 5),
(1301, 746, 1, 10),
(1302, 580, 50, 2),
(1303, 588, 48, 7),
(1304, 784, 22, 8),
(1305, 118, 33, 5),
(1306, 502, 10, 9),
(1307, 17, 14, 1),
(1308, 108, 17, 8),
(1309, 369, 3, 7),
(1310, 791, 27, 8),
(1311, 274, 26, 3),
(1312, 601, 8, 9),
(1313, 307, 8, 6),
(1314, 763, 10, 1),
(1315, 182, 9, 3),
(1316, 76, 19, 3),
(1317, 549, 21, 5),
(1318, 649, 33, 8),
(1319, 552, 30, 9),
(1320, 29, 34, 8),
(1321, 428, 41, 10),
(1322, 560, 41, 10),
(1323, 625, 49, 10),
(1324, 152, 2, 4),
(1325, 133, 49, 2),
(1326, 107, 11, 9),
(1327, 358, 22, 7),
(1328, 523, 32, 6),
(1329, 788, 13, 3),
(1330, 612, 26, 2),
(1331, 19, 5, 8),
(1332, 156, 48, 10),
(1333, 681, 39, 10),
(1334, 572, 33, 2),
(1335, 426, 10, 1),
(1336, 255, 20, 2),
(1337, 428, 31, 5),
(1338, 457, 12, 9),
(1339, 729, 10, 9),
(1340, 679, 15, 2),
(1341, 726, 18, 4),
(1342, 704, 49, 7),
(1343, 642, 7, 9),
(1344, 199, 17, 10),
(1345, 349, 13, 7),
(1346, 510, 45, 3),
(1347, 383, 46, 7),
(1348, 235, 22, 6),
(1349, 784, 1, 4),
(1350, 767, 15, 2),
(1351, 501, 30, 1),
(1352, 687, 40, 4),
(1353, 391, 17, 1),
(1354, 348, 45, 3),
(1355, 575, 16, 8),
(1356, 315, 6, 6),
(1357, 329, 8, 4),
(1358, 524, 18, 9),
(1359, 357, 3, 2),
(1360, 504, 44, 3),
(1361, 181, 3, 4),
(1362, 50, 18, 3),
(1363, 690, 21, 9),
(1364, 262, 32, 5),
(1365, 40, 49, 7),
(1366, 393, 49, 2),
(1367, 523, 33, 8),
(1368, 33, 5, 6),
(1369, 75, 15, 5),
(1370, 413, 38, 1),
(1371, 40, 15, 4),
(1372, 225, 7, 8),
(1373, 84, 19, 7),
(1374, 514, 20, 3),
(1375, 529, 5, 4),
(1376, 243, 23, 1),
(1377, 389, 39, 6),
(1378, 681, 48, 5),
(1379, 504, 44, 2),
(1380, 282, 38, 8),
(1381, 63, 13, 4),
(1382, 518, 50, 8),
(1383, 674, 30, 9),
(1384, 252, 35, 7),
(1385, 765, 19, 1),
(1386, 338, 33, 5),
(1387, 774, 34, 8),
(1388, 472, 38, 6),
(1389, 234, 16, 6),
(1390, 527, 46, 3),
(1391, 481, 22, 8),
(1392, 500, 32, 7),
(1393, 263, 5, 8),
(1394, 266, 39, 7),
(1395, 74, 23, 2),
(1396, 60, 42, 4),
(1397, 753, 6, 2),
(1398, 799, 12, 2),
(1399, 371, 38, 9),
(1400, 610, 37, 2),
(1401, 44, 4, 3),
(1402, 597, 5, 2),
(1403, 764, 46, 7),
(1404, 545, 38, 4),
(1405, 740, 49, 6),
(1406, 389, 43, 3),
(1407, 107, 25, 7),
(1408, 782, 37, 5),
(1409, 704, 35, 5),
(1410, 636, 32, 7),
(1411, 8, 14, 4),
(1412, 591, 15, 7),
(1413, 369, 21, 1),
(1414, 542, 24, 3),
(1415, 505, 48, 4),
(1416, 262, 43, 1),
(1417, 460, 1, 9),
(1418, 149, 18, 2),
(1419, 649, 50, 8),
(1420, 678, 33, 9),
(1421, 440, 12, 6),
(1422, 315, 1, 3),
(1423, 683, 45, 2),
(1424, 52, 17, 9),
(1425, 630, 16, 6),
(1426, 489, 50, 5),
(1427, 465, 38, 1),
(1428, 256, 29, 8),
(1429, 384, 13, 4),
(1430, 121, 29, 5),
(1431, 641, 36, 3),
(1432, 233, 25, 9),
(1433, 619, 44, 9),
(1434, 136, 33, 7),
(1435, 432, 3, 3),
(1436, 259, 19, 7),
(1437, 665, 19, 1),
(1438, 572, 32, 6),
(1439, 56, 23, 1),
(1440, 177, 47, 9),
(1441, 506, 22, 9),
(1442, 635, 37, 2),
(1443, 502, 42, 5),
(1444, 406, 20, 9),
(1445, 434, 15, 1),
(1446, 640, 43, 2),
(1447, 254, 3, 1),
(1448, 290, 3, 10),
(1449, 198, 46, 7),
(1450, 781, 17, 9),
(1451, 389, 39, 6),
(1452, 289, 32, 6),
(1453, 694, 46, 9),
(1454, 6, 47, 3),
(1455, 739, 44, 3),
(1456, 764, 15, 6),
(1457, 308, 39, 2),
(1458, 643, 45, 7),
(1459, 168, 17, 5),
(1460, 70, 36, 2),
(1461, 785, 15, 8),
(1462, 250, 28, 3),
(1463, 274, 36, 6),
(1464, 724, 48, 7),
(1465, 778, 42, 3),
(1466, 556, 6, 2),
(1467, 714, 21, 5),
(1468, 585, 27, 10),
(1469, 521, 36, 9),
(1470, 234, 35, 1),
(1471, 774, 11, 3),
(1472, 290, 33, 2),
(1473, 58, 48, 7),
(1474, 504, 20, 2),
(1475, 66, 9, 3),
(1476, 431, 9, 7),
(1477, 93, 37, 6),
(1478, 516, 18, 1),
(1479, 719, 10, 5),
(1480, 420, 19, 9),
(1481, 444, 28, 5),
(1482, 53, 42, 3),
(1483, 245, 3, 10),
(1484, 475, 45, 8),
(1485, 274, 15, 10),
(1486, 553, 27, 8),
(1487, 482, 15, 1),
(1488, 475, 26, 2),
(1489, 477, 38, 1),
(1490, 125, 17, 2),
(1491, 781, 47, 9),
(1492, 217, 30, 7),
(1493, 687, 32, 10),
(1494, 207, 34, 6),
(1495, 263, 49, 2),
(1496, 788, 6, 9),
(1497, 219, 33, 1),
(1498, 572, 14, 6),
(1499, 503, 38, 5),
(1500, 557, 5, 1),
(1501, 307, 19, 5),
(1502, 727, 48, 3),
(1503, 330, 33, 1),
(1504, 198, 43, 5),
(1505, 258, 29, 7),
(1506, 276, 8, 3),
(1507, 746, 41, 8),
(1508, 167, 14, 9),
(1509, 585, 31, 9),
(1510, 486, 10, 6),
(1511, 399, 21, 6),
(1512, 591, 39, 7),
(1513, 209, 41, 7),
(1514, 761, 35, 4),
(1515, 621, 21, 9),
(1516, 785, 50, 8),
(1517, 622, 7, 4),
(1518, 261, 27, 5),
(1519, 790, 15, 2),
(1520, 174, 10, 5),
(1521, 43, 47, 7),
(1522, 356, 47, 10),
(1523, 679, 8, 5),
(1524, 259, 11, 3),
(1525, 369, 28, 3),
(1526, 393, 12, 6),
(1527, 274, 49, 5),
(1528, 92, 30, 3),
(1529, 221, 6, 1),
(1530, 396, 48, 7),
(1531, 754, 31, 3),
(1532, 114, 11, 10),
(1533, 510, 4, 5),
(1534, 31, 45, 7),
(1535, 693, 13, 2),
(1536, 726, 41, 6),
(1537, 627, 5, 1),
(1538, 86, 2, 1),
(1539, 137, 35, 1),
(1540, 237, 15, 4),
(1541, 798, 30, 3),
(1542, 550, 16, 8),
(1543, 273, 2, 1),
(1544, 39, 26, 2),
(1545, 523, 50, 10),
(1546, 678, 25, 8),
(1547, 687, 18, 7),
(1548, 530, 8, 8),
(1549, 194, 38, 10),
(1550, 192, 25, 8),
(1551, 410, 22, 7),
(1552, 158, 38, 4),
(1553, 452, 49, 3),
(1554, 328, 20, 3),
(1555, 298, 37, 4),
(1556, 298, 11, 4),
(1557, 273, 47, 3),
(1558, 57, 22, 10),
(1559, 419, 30, 8),
(1560, 632, 41, 5),
(1561, 73, 42, 7),
(1562, 460, 26, 5),
(1563, 723, 15, 4),
(1564, 176, 8, 7),
(1565, 474, 22, 3),
(1566, 329, 22, 6),
(1567, 560, 42, 4),
(1568, 622, 8, 2),
(1569, 575, 1, 7),
(1570, 538, 44, 7),
(1571, 162, 25, 4),
(1572, 186, 35, 8),
(1573, 184, 30, 1),
(1574, 63, 34, 8),
(1575, 593, 45, 8),
(1576, 541, 31, 5),
(1577, 371, 33, 2),
(1578, 142, 13, 10),
(1579, 474, 39, 4),
(1580, 227, 42, 9),
(1581, 487, 49, 4),
(1582, 318, 43, 1),
(1583, 674, 29, 6),
(1584, 226, 50, 1),
(1585, 749, 27, 5),
(1586, 624, 41, 10),
(1587, 694, 47, 9),
(1588, 439, 38, 5),
(1589, 240, 38, 9),
(1590, 614, 15, 9),
(1591, 678, 16, 8),
(1592, 467, 1, 9),
(1593, 473, 20, 9),
(1594, 554, 46, 1),
(1595, 4, 33, 1),
(1596, 781, 35, 9),
(1597, 286, 27, 5),
(1598, 91, 7, 8),
(1599, 49, 20, 6),
(1600, 698, 30, 1),
(1601, 344, 43, 6),
(1602, 77, 38, 2),
(1603, 280, 23, 8),
(1604, 442, 10, 3),
(1605, 394, 17, 4),
(1606, 630, 5, 6),
(1607, 661, 16, 6),
(1608, 165, 11, 9),
(1609, 239, 40, 10),
(1610, 487, 11, 6),
(1611, 284, 31, 5),
(1612, 216, 19, 7),
(1613, 241, 31, 2),
(1614, 183, 9, 5),
(1615, 193, 40, 10),
(1616, 571, 18, 5),
(1617, 127, 36, 6),
(1618, 309, 19, 10),
(1619, 734, 14, 1),
(1620, 536, 42, 8),
(1621, 625, 48, 7),
(1622, 585, 20, 8),
(1623, 694, 33, 10),
(1624, 295, 32, 3),
(1625, 218, 14, 4),
(1626, 425, 4, 9),
(1627, 658, 3, 4),
(1628, 328, 30, 10),
(1629, 91, 15, 9),
(1630, 85, 19, 7),
(1631, 584, 26, 5),
(1632, 690, 30, 8),
(1633, 494, 21, 4),
(1634, 435, 10, 3),
(1635, 641, 16, 8),
(1636, 181, 40, 6),
(1637, 501, 18, 9),
(1638, 557, 42, 3),
(1639, 148, 44, 8),
(1640, 704, 41, 2),
(1641, 476, 14, 10),
(1642, 362, 10, 8),
(1643, 245, 7, 1),
(1644, 372, 50, 1),
(1645, 554, 39, 5),
(1646, 334, 26, 3),
(1647, 378, 49, 8),
(1648, 428, 44, 10),
(1649, 608, 38, 10),
(1650, 177, 5, 8),
(1651, 448, 37, 2),
(1652, 613, 3, 5),
(1653, 335, 5, 3),
(1654, 229, 33, 4),
(1655, 402, 42, 1),
(1656, 699, 21, 10),
(1657, 191, 33, 8),
(1658, 155, 21, 5),
(1659, 672, 42, 8),
(1660, 220, 9, 4),
(1661, 203, 35, 7),
(1662, 367, 28, 6),
(1663, 194, 18, 8),
(1664, 393, 16, 1),
(1665, 797, 3, 3),
(1666, 196, 9, 3),
(1667, 721, 33, 6),
(1668, 92, 30, 1),
(1669, 620, 3, 10),
(1670, 643, 48, 5),
(1671, 245, 10, 10),
(1672, 69, 43, 7),
(1673, 437, 29, 9),
(1674, 243, 42, 7),
(1675, 100, 9, 2),
(1676, 11, 17, 1),
(1677, 558, 31, 2),
(1678, 140, 22, 5),
(1679, 718, 18, 8),
(1680, 775, 36, 3),
(1681, 439, 11, 5),
(1682, 752, 31, 5),
(1683, 573, 35, 7),
(1684, 177, 33, 5),
(1685, 164, 32, 8),
(1686, 500, 4, 10),
(1687, 726, 3, 1),
(1688, 274, 3, 8),
(1689, 732, 40, 9),
(1690, 547, 17, 2),
(1691, 779, 5, 2),
(1692, 58, 7, 6),
(1693, 44, 16, 2),
(1694, 358, 46, 8),
(1695, 244, 19, 10),
(1696, 136, 11, 2),
(1697, 524, 7, 2),
(1698, 287, 6, 7),
(1699, 84, 3, 5),
(1700, 483, 14, 10),
(1701, 671, 4, 5),
(1702, 5, 45, 8),
(1703, 703, 21, 2),
(1704, 705, 13, 1),
(1705, 543, 20, 6),
(1706, 376, 29, 9),
(1707, 239, 17, 2),
(1708, 44, 11, 10),
(1709, 277, 49, 8),
(1710, 258, 19, 3),
(1711, 92, 26, 10),
(1712, 392, 9, 9),
(1713, 258, 41, 8),
(1714, 162, 17, 1),
(1715, 208, 38, 8),
(1716, 457, 42, 3),
(1717, 514, 46, 1),
(1718, 617, 42, 9),
(1719, 297, 29, 10),
(1720, 368, 44, 7),
(1721, 625, 19, 10),
(1722, 720, 26, 4),
(1723, 119, 3, 9),
(1724, 764, 41, 5),
(1725, 452, 19, 7),
(1726, 257, 50, 8),
(1727, 662, 47, 4),
(1728, 354, 26, 10),
(1729, 598, 16, 5),
(1730, 351, 27, 9),
(1731, 581, 32, 6),
(1732, 300, 7, 7),
(1733, 45, 7, 9),
(1734, 763, 44, 10),
(1735, 92, 33, 4),
(1736, 572, 38, 10),
(1737, 216, 43, 9),
(1738, 471, 31, 8),
(1739, 695, 15, 4),
(1740, 144, 33, 4),
(1741, 405, 30, 1),
(1742, 784, 9, 6),
(1743, 729, 26, 1),
(1744, 732, 14, 5),
(1745, 94, 19, 8),
(1746, 439, 4, 4),
(1747, 615, 23, 3),
(1748, 47, 32, 5),
(1749, 708, 6, 9),
(1750, 153, 4, 1),
(1751, 183, 13, 10),
(1752, 129, 13, 3),
(1753, 115, 35, 1),
(1754, 429, 6, 10),
(1755, 430, 7, 6),
(1756, 233, 44, 6),
(1757, 443, 50, 6),
(1758, 477, 16, 9),
(1759, 124, 27, 7),
(1760, 518, 6, 7),
(1761, 206, 37, 3),
(1762, 760, 42, 3),
(1763, 396, 37, 10),
(1764, 400, 31, 10),
(1765, 68, 22, 7),
(1766, 28, 39, 10),
(1767, 460, 43, 6),
(1768, 746, 39, 5),
(1769, 286, 32, 3),
(1770, 551, 50, 10),
(1771, 630, 1, 5),
(1772, 615, 1, 9),
(1773, 508, 24, 3),
(1774, 691, 10, 8),
(1775, 617, 24, 4),
(1776, 562, 17, 6),
(1777, 516, 3, 7),
(1778, 4, 33, 5),
(1779, 284, 31, 5),
(1780, 7, 2, 3),
(1781, 158, 25, 2),
(1782, 219, 31, 3),
(1783, 121, 26, 9),
(1784, 766, 24, 5),
(1785, 763, 46, 2),
(1786, 549, 25, 6),
(1787, 727, 40, 7),
(1788, 231, 37, 10),
(1789, 450, 13, 10),
(1790, 554, 36, 9),
(1791, 2, 28, 1),
(1792, 406, 38, 6),
(1793, 785, 19, 4),
(1794, 284, 10, 3),
(1795, 61, 16, 9),
(1796, 267, 14, 6),
(1797, 37, 39, 3),
(1798, 560, 40, 9),
(1799, 105, 13, 10),
(1800, 716, 3, 2),
(1801, 442, 48, 10),
(1802, 622, 45, 2),
(1803, 186, 40, 3),
(1804, 685, 17, 5),
(1805, 252, 47, 3),
(1806, 314, 35, 6),
(1807, 289, 20, 9),
(1808, 581, 41, 2),
(1809, 507, 42, 5),
(1810, 583, 2, 9),
(1811, 479, 19, 8),
(1812, 628, 26, 3),
(1813, 552, 27, 8),
(1814, 511, 16, 7),
(1815, 345, 35, 8),
(1816, 529, 18, 3),
(1817, 790, 41, 10),
(1818, 535, 30, 9),
(1819, 514, 11, 4),
(1820, 235, 35, 8),
(1821, 38, 29, 10),
(1822, 798, 2, 9),
(1823, 192, 13, 9),
(1824, 749, 28, 5),
(1825, 261, 31, 8),
(1826, 757, 19, 2),
(1827, 152, 23, 10),
(1828, 60, 16, 1),
(1829, 744, 36, 10),
(1830, 698, 24, 1),
(1831, 458, 30, 4),
(1832, 681, 9, 7),
(1833, 55, 15, 8),
(1834, 230, 36, 5),
(1835, 529, 40, 2),
(1836, 252, 14, 6),
(1837, 275, 49, 2),
(1838, 683, 16, 7),
(1839, 157, 42, 5),
(1840, 506, 45, 3),
(1841, 131, 34, 7),
(1842, 19, 5, 1),
(1843, 659, 31, 9),
(1844, 723, 7, 7),
(1845, 203, 49, 9),
(1846, 173, 19, 10),
(1847, 273, 4, 3),
(1848, 593, 5, 7),
(1849, 155, 29, 8),
(1850, 19, 41, 1),
(1851, 688, 20, 3),
(1852, 385, 21, 7),
(1853, 758, 10, 10),
(1854, 524, 41, 5),
(1855, 528, 48, 5),
(1856, 462, 43, 2),
(1857, 15, 10, 2),
(1858, 229, 32, 2),
(1859, 72, 40, 6),
(1860, 154, 19, 3),
(1861, 100, 40, 3),
(1862, 324, 4, 5),
(1863, 655, 47, 8),
(1864, 579, 29, 2),
(1865, 268, 15, 9),
(1866, 122, 7, 8),
(1867, 343, 4, 5),
(1868, 798, 26, 9),
(1869, 470, 29, 6),
(1870, 40, 26, 5),
(1871, 749, 39, 7),
(1872, 550, 47, 1),
(1873, 571, 35, 8),
(1874, 581, 49, 1),
(1875, 197, 37, 4),
(1876, 412, 31, 2),
(1877, 161, 44, 9),
(1878, 438, 39, 6),
(1879, 43, 39, 3),
(1880, 620, 32, 2),
(1881, 627, 7, 8),
(1882, 482, 4, 1),
(1883, 111, 17, 4),
(1884, 764, 5, 7),
(1885, 721, 39, 10),
(1886, 314, 23, 3),
(1887, 472, 40, 4),
(1888, 181, 9, 6),
(1889, 601, 5, 8),
(1890, 388, 25, 5),
(1891, 231, 13, 5),
(1892, 652, 24, 3),
(1893, 514, 21, 3),
(1894, 46, 50, 2),
(1895, 261, 9, 8),
(1896, 56, 26, 4),
(1897, 385, 32, 2),
(1898, 281, 31, 7),
(1899, 21, 9, 8),
(1900, 688, 30, 9),
(1901, 41, 32, 1),
(1902, 267, 44, 9),
(1903, 293, 2, 7),
(1904, 203, 30, 7),
(1905, 269, 37, 1),
(1906, 638, 8, 1),
(1907, 548, 21, 10),
(1908, 550, 41, 10),
(1909, 463, 21, 2),
(1910, 380, 46, 4),
(1911, 745, 42, 5),
(1912, 800, 34, 6),
(1913, 647, 3, 4),
(1914, 285, 19, 6),
(1915, 510, 31, 9),
(1916, 579, 2, 6),
(1917, 418, 32, 8),
(1918, 316, 14, 9),
(1919, 470, 31, 9),
(1920, 213, 8, 7),
(1921, 439, 5, 1),
(1922, 122, 21, 10),
(1923, 242, 31, 7),
(1924, 584, 12, 1),
(1925, 686, 4, 6),
(1926, 763, 32, 4),
(1927, 639, 4, 6),
(1928, 7, 9, 2),
(1929, 1, 37, 1),
(1930, 118, 8, 6),
(1931, 672, 38, 6),
(1932, 598, 12, 9),
(1933, 473, 33, 5),
(1934, 410, 46, 2),
(1935, 115, 2, 2),
(1936, 254, 32, 4),
(1937, 779, 36, 4),
(1938, 550, 42, 7),
(1939, 270, 42, 2),
(1940, 386, 3, 3),
(1941, 485, 45, 3),
(1942, 608, 5, 10),
(1943, 8, 22, 3),
(1944, 432, 30, 4),
(1945, 554, 35, 7),
(1946, 442, 36, 5),
(1947, 40, 48, 6),
(1948, 190, 12, 3),
(1949, 328, 13, 7),
(1950, 544, 3, 5),
(1951, 747, 13, 8),
(1952, 614, 45, 2),
(1953, 735, 3, 3),
(1954, 425, 12, 1),
(1955, 792, 40, 4),
(1956, 653, 49, 6),
(1957, 213, 36, 4),
(1958, 567, 21, 9),
(1959, 795, 36, 5),
(1960, 159, 8, 9),
(1961, 242, 43, 5),
(1962, 516, 4, 1),
(1963, 730, 2, 5),
(1964, 610, 11, 5),
(1965, 756, 6, 6),
(1966, 581, 16, 2),
(1967, 229, 39, 2),
(1968, 74, 7, 3),
(1969, 728, 6, 5),
(1970, 646, 13, 8),
(1971, 746, 26, 2),
(1972, 581, 45, 6),
(1973, 88, 6, 10),
(1974, 184, 18, 7),
(1975, 250, 50, 9),
(1976, 17, 46, 8),
(1977, 32, 6, 3),
(1978, 134, 40, 3),
(1979, 606, 10, 3),
(1980, 779, 20, 8),
(1981, 120, 43, 5),
(1982, 323, 19, 9),
(1983, 372, 41, 1),
(1984, 408, 40, 5),
(1985, 125, 38, 1),
(1986, 73, 49, 6),
(1987, 593, 49, 7),
(1988, 748, 18, 8),
(1989, 517, 8, 7),
(1990, 160, 18, 3),
(1991, 414, 22, 3),
(1992, 417, 16, 3),
(1993, 666, 49, 7),
(1994, 157, 40, 10),
(1995, 524, 7, 7),
(1996, 423, 40, 6),
(1997, 630, 44, 5),
(1998, 395, 22, 9),
(1999, 246, 47, 8),
(2000, 654, 24, 3);